"","A","B","C","D","E","F","G","H","g","m","e","a"
"1",2,4,3,3,4,1,4,1,1,1,3,4
"2",2,4,3,9,4,1,4,1,1,1,3,3
"3",3,2,2,3,4,1,3,2,2,2,1,6
"4",3,9,2,2,2,1,3,1,1,1,1,6
"5",9,1,2,2,3,2,3,1,2,1,1,4
"6",2,4,4,4,2,2,5,1,1,5,4,2
"7",1,3,2,3,2,4,4,2,2,1,5,5
"8",2,9,4,9,9,1,3,1,1,5,3,5
"9",2,4,2,3,4,4,5,1,2,1,5,3
"10",2,4,2,2,4,2,4,1,2,1,2,3
"11",2,2,2,4,4,2,4,1,1,1,3,3
"12",4,9,2,2,2,2,4,1,1,1,2,4
"13",4,2,2,2,4,1,5,1,2,5,2,1
"14",4,2,2,4,4,2,4,1,1,5,3,1
"15",2,9,4,3,2,2,5,2,1,3,5,1
"16",3,3,3,3,2,2,4,2,2,1,1,6
"17",4,2,2,2,3,4,4,1,2,5,5,2
"18",2,2,3,9,2,2,4,2,1,5,2,2
"19",2,4,4,4,5,2,4,2,1,1,1,4
"20",4,2,2,3,4,2,3,2,2,1,1,5
"21",1,4,2,4,4,2,5,1,2,1,5,2
"22",1,2,9,2,5,2,4,1,1,1,1,4
"23",3,2,2,2,9,2,2,2,2,2,1,6
"24",3,2,9,2,4,2,4,2,2,1,1,4
"25",4,2,2,2,2,4,3,2,1,1,1,5
"26",1,2,4,3,2,2,5,2,1,5,4,1
"27",1,4,4,5,4,2,5,2,2,5,3,2
"28",4,2,2,4,4,2,5,1,2,1,3,3
"29",1,4,4,9,2,2,5,1,2,1,2,4
"30",2,2,2,2,9,4,2,2,2,2,1,6
"31",1,4,4,4,4,2,5,1,2,5,4,1
"32",5,2,2,2,2,2,1,1,1,1,0,6
"33",2,2,4,5,2,4,4,1,1,5,3,2
"34",2,3,2,4,2,1,5,1,1,1,3,3
"35",4,2,2,2,9,4,2,9,1,2,0,6
"36",4,2,2,2,5,5,4,1,2,1,1,3
"37",4,2,2,2,2,4,2,2,1,5,1,3
"38",2,2,2,2,2,2,4,2,2,1,1,5
"39",4,2,2,2,3,2,2,3,1,1,0,4
"40",4,2,2,2,2,4,2,9,2,2,1,6
"41",5,2,2,2,1,4,2,4,2,2,1,6
"42",2,4,3,2,9,2,3,2,1,1,1,2
"43",1,2,2,2,2,2,4,2,2,1,1,4
"44",4,2,2,2,2,4,2,3,1,1,1,3
"45",4,2,1,2,2,3,2,2,2,2,1,6
"46",4,2,2,2,2,4,2,2,2,1,1,4
"47",5,1,1,2,2,4,1,4,1,1,0,6
"48",2,2,2,2,2,2,4,2,2,1,1,2
"49",2,4,3,2,2,4,4,2,2,1,1,4
"50",4,2,2,2,2,4,1,2,1,1,9,5
"51",1,2,1,1,1,4,1,2,1,1,1,2
"52",4,2,2,2,2,4,1,2,2,2,1,6
"53",4,2,2,2,9,9,2,2,1,2,1,6
"54",2,4,2,2,2,2,2,2,1,5,3,1
"55",2,4,3,2,2,2,3,2,2,5,2,1
"56",2,2,4,2,2,3,2,2,1,1,1,4
"57",2,4,2,2,2,5,2,2,2,3,2,5
"58",4,2,2,2,2,4,2,2,2,2,1,6
"59",9,2,2,2,2,4,2,2,1,2,1,6
"60",4,2,2,2,2,4,2,2,1,1,1,4
"61",2,2,2,2,4,2,9,2,2,1,2,3
"62",1,4,4,3,3,3,5,2,1,5,5,1
"63",2,4,9,4,2,5,4,2,2,5,2,1
"64",2,4,4,4,4,2,4,2,1,5,2,2
"65",1,4,4,4,5,1,5,2,2,4,2,2
"66",1,4,4,5,4,1,5,2,2,1,3,2
"67",1,3,3,3,3,3,4,1,2,2,0,6
"68",4,1,1,2,9,4,2,9,1,1,1,6
"69",4,4,4,9,9,4,4,2,1,5,3,1
"70",1,5,5,5,5,1,5,4,2,5,3,1
"71",2,4,4,4,5,1,4,4,1,5,2,2
"72",2,2,2,2,2,2,3,1,1,1,0,6
"73",4,1,2,2,2,4,1,2,1,1,1,5
"74",4,2,2,1,2,2,1,1,2,1,2,2
"75",2,5,2,1,1,2,1,2,2,1,1,4
"76",4,1,2,1,2,1,5,2,1,4,1,2
"77",4,2,2,1,4,4,2,2,1,1,0,4
"78",3,2,1,1,1,4,2,1,1,1,2,3
"79",2,4,4,2,2,2,4,1,2,1,0,5
"80",2,4,4,4,4,2,5,1,2,1,5,2
"81",4,2,1,3,2,3,2,2,2,2,1,6
"82",2,2,1,3,2,2,3,2,1,5,5,1
"83",2,2,1,1,1,9,1,2,2,2,0,6
"84",1,2,2,3,2,1,4,1,1,1,2,5
"85",2,4,4,2,2,4,5,1,1,1,2,3
"86",4,1,2,4,1,4,4,2,2,1,2,3
"87",4,2,2,2,1,2,2,2,1,1,1,6
"88",4,2,2,2,2,2,4,1,2,2,1,5
"89",2,4,4,3,4,1,4,2,2,1,2,1
"90",4,2,2,3,4,2,4,2,2,1,4,2
"91",2,2,4,4,4,1,4,3,1,1,2,4
"92",9,3,3,4,4,2,4,4,1,5,2,1
"93",3,3,4,9,4,2,4,3,1,1,5,2
"94",2,3,4,5,5,1,5,4,2,3,2,4
"95",4,4,2,2,4,3,3,9,2,2,1,6
"96",5,1,2,2,3,2,2,2,2,2,0,6
"97",5,2,1,1,4,2,1,4,1,1,0,5
"98",2,4,4,2,3,2,2,1,1,5,2,3
"99",2,4,9,3,2,2,4,1,2,1,2,4
"100",1,4,4,5,4,1,5,2,2,2,3,4
"101",4,2,2,3,2,2,3,2,1,1,1,6
"102",4,2,2,3,2,2,4,1,2,1,2,2
"103",1,4,4,3,4,2,5,2,1,1,3,3
"104",9,4,4,2,2,2,4,1,2,5,2,1
"105",4,4,2,4,2,2,4,1,1,5,3,1
"106",2,4,2,9,2,2,4,1,1,1,3,3
"107",2,9,2,2,3,2,4,1,2,1,1,4
"108",4,2,2,3,2,4,2,1,1,1,1,6
"109",2,3,2,2,4,2,4,1,2,1,2,2
"110",2,3,4,2,2,2,3,2,2,1,1,6
"111",2,4,2,3,2,4,5,1,2,2,2,3
"112",2,4,9,9,9,9,4,9,1,5,5,2
"113",2,2,2,4,4,1,4,1,2,1,0,4
"114",4,4,2,2,4,2,4,2,1,1,2,2
"115",4,2,2,2,2,2,2,2,1,1,1,6
"116",2,2,2,9,2,1,2,1,2,5,4,6
"117",2,5,3,2,2,1,5,1,2,1,3,2
"118",2,4,4,9,4,2,4,1,1,5,3,1
"119",4,2,2,4,2,1,4,1,1,1,3,3
"120",2,2,4,4,4,2,5,2,1,5,3,1
"121",4,2,3,2,1,2,1,9,1,1,0,4
"122",2,4,2,2,4,2,3,1,1,1,2,3
"123",2,2,9,2,2,2,2,2,1,1,0,6
"124",3,2,5,9,2,4,3,2,2,1,0,6
"125",4,9,2,2,2,2,2,1,2,1,0,5
"126",2,4,2,4,4,2,5,1,2,5,2,1
"127",4,3,2,2,2,2,2,1,1,1,1,5
"128",4,2,2,2,2,2,2,2,2,1,1,2
"129",2,3,4,2,1,4,5,1,1,5,2,2
"130",3,2,2,3,3,3,4,2,1,1,1,6
"131",2,2,2,3,3,3,3,2,1,1,4,4
"132",2,2,2,3,4,2,4,2,2,5,3,1
"133",3,2,2,3,2,2,3,2,2,1,3,3
"134",2,2,4,3,9,4,4,2,1,5,3,2
"135",2,2,2,3,3,3,4,2,2,2,5,6
"136",2,2,2,3,3,3,4,2,1,1,2,3
"137",4,2,2,2,2,4,3,1,2,1,5,2
"138",4,2,2,4,2,2,4,2,1,1,1,5
"139",2,3,4,3,2,2,4,1,2,1,5,2
"140",4,2,2,2,4,9,2,2,2,1,1,6
"141",2,9,4,3,2,2,4,1,1,5,3,1
"142",2,3,3,3,2,3,4,2,1,5,4,2
"143",3,4,3,3,2,2,4,1,2,5,3,1
"144",1,4,3,3,2,2,5,1,2,5,5,1
"145",2,2,3,3,2,2,5,1,1,1,5,3
"146",4,2,2,2,3,3,2,2,1,1,1,5
"147",4,2,2,2,3,3,2,3,1,1,1,6
"148",4,2,2,2,3,3,2,1,2,2,1,5
"149",4,2,2,2,2,4,2,1,1,5,2,3
"150",2,4,4,4,4,1,5,1,2,5,3,1
"151",5,1,2,2,2,3,2,1,2,1,2,2
"152",2,2,4,3,3,2,4,1,1,1,1,5
"153",2,3,2,2,1,3,2,2,1,1,1,6
"154",1,3,3,4,2,2,4,1,2,1,5,3
"155",4,2,4,3,4,2,4,1,1,5,2,2
"156",2,3,4,4,2,2,4,1,1,1,1,3
"157",4,2,2,2,3,3,2,3,1,1,0,6
"158",2,3,3,3,2,2,4,1,2,1,1,5
"159",2,3,4,3,2,2,4,1,2,1,0,6
"160",2,3,4,3,2,2,4,1,2,2,0,6
"161",2,3,3,4,2,2,4,2,2,1,2,3
"162",4,2,3,2,2,3,4,2,1,1,5,4
"163",2,3,3,3,2,2,4,2,2,1,1,4
"164",4,4,4,3,3,2,3,2,1,5,2,2
"165",4,3,4,5,5,1,5,1,2,5,2,1
"166",4,3,4,3,4,2,4,1,1,5,2,1
"167",4,2,2,2,2,3,3,9,2,2,0,6
"168",4,3,5,4,4,2,4,1,2,1,1,4
"169",2,4,4,4,9,1,5,2,1,5,4,2
"170",1,4,4,5,5,1,9,1,1,5,4,3
"171",4,2,1,9,4,2,5,3,1,1,2,5
"172",2,4,3,5,5,2,5,2,2,5,5,2
"173",4,3,4,5,5,1,5,1,2,1,1,3
"174",2,4,4,4,2,2,4,1,2,1,0,3
"175",2,4,4,9,9,9,9,1,2,5,3,1
"176",9,9,9,4,9,9,4,2,1,5,2,3
"177",4,2,2,3,2,4,2,2,2,1,0,4
"178",4,2,4,4,4,2,4,1,1,5,2,2
"179",2,4,4,9,2,2,4,1,2,1,2,2
"180",4,2,3,2,2,9,9,1,1,5,3,2
"181",1,4,4,2,2,1,4,1,1,1,1,5
"182",1,4,4,4,2,2,3,1,1,5,5,2
"183",1,4,4,4,1,1,4,1,2,1,1,3
"184",2,4,3,4,2,1,4,1,1,1,5,2
"185",1,4,3,3,2,2,4,1,1,1,5,4
"186",1,3,3,3,2,2,4,1,1,1,1,5
"187",2,4,4,4,2,2,2,1,2,5,3,2
"188",2,4,4,4,2,2,2,1,2,4,1,6
"189",2,4,4,4,2,2,3,1,2,5,1,4
"190",2,2,2,2,4,2,2,2,1,1,3,4
"191",2,4,4,2,4,2,3,2,2,2,0,6
"192",2,3,2,2,3,2,2,1,1,1,0,6
"193",4,2,2,2,4,2,2,2,2,1,3,1
"194",2,2,2,2,3,2,2,2,2,4,2,3
"195",2,2,2,2,3,2,3,2,2,3,2,4
"196",2,4,2,2,4,2,2,2,1,1,2,3
"197",2,4,2,2,9,2,4,2,1,5,1,2
"198",2,4,2,2,4,2,2,1,1,5,0,1
"199",4,2,2,2,9,2,2,1,2,4,2,3
"200",5,1,2,2,2,5,1,1,2,5,2,2
"201",2,2,4,1,3,2,2,1,2,1,1,6
"202",2,1,1,1,2,1,2,1,2,2,0,5
"203",4,1,1,1,1,1,2,1,1,1,2,2
"204",2,1,1,1,4,1,5,1,1,4,1,3
"205",5,1,1,1,1,2,9,1,2,1,2,3
"206",5,1,1,1,1,1,1,4,1,1,4,5
"207",1,5,5,2,4,1,5,1,2,1,2,4
"208",4,1,1,1,2,2,1,1,1,1,2,5
"209",2,4,4,4,2,2,5,1,2,5,2,1
"210",2,4,4,2,2,2,2,2,2,2,0,6
"211",2,2,2,2,2,2,2,2,1,2,2,6
"212",2,2,2,4,5,1,4,1,2,5,2,4
"213",4,2,2,2,4,2,4,2,1,5,2,3
"214",1,2,2,4,4,1,5,2,1,5,4,1
"215",1,2,2,2,4,2,4,1,2,5,4,1
"216",2,4,2,4,4,2,4,2,2,1,2,5
"217",2,3,3,3,4,2,5,2,1,1,4,2
"218",1,4,4,5,4,2,5,1,1,1,3,5
"219",1,4,4,2,2,1,4,2,2,5,4,1
"220",1,4,4,4,9,1,5,2,2,5,3,2
"221",1,5,5,5,5,5,5,1,1,5,2,4
"222",4,9,2,2,2,9,2,2,2,1,1,6
"223",2,4,4,2,4,2,4,1,2,1,4,2
"224",1,2,4,2,2,9,4,2,1,5,3,1
"225",1,2,4,1,2,2,5,1,1,4,2,3
"226",2,4,4,2,9,2,4,2,1,5,5,2
"227",2,4,4,4,4,2,4,2,1,1,5,3
"228",2,9,4,9,9,2,4,2,1,1,2,5
"229",4,9,9,2,4,2,4,4,2,1,3,4
"230",2,4,2,2,4,4,4,1,1,1,2,4
"231",4,4,4,4,2,2,5,1,1,5,3,2
"232",4,2,2,2,4,2,2,1,2,1,2,6
"233",2,4,2,2,4,2,4,2,2,1,3,3
"234",4,2,2,2,2,2,2,2,1,1,1,6
"235",2,4,4,4,4,2,4,2,2,5,4,2
"236",4,2,2,2,4,2,2,2,2,1,2,5
"237",4,3,1,2,2,5,2,2,2,2,0,6
"238",1,5,5,1,1,1,1,1,2,1,1,3
"239",5,1,1,1,5,1,1,1,1,2,0,6
"240",1,1,5,5,1,1,5,1,2,1,2,2
"241",5,3,1,3,5,1,1,1,1,1,2,4
"242",5,3,1,1,5,1,3,1,1,1,1,2
"243",1,5,3,1,3,1,1,1,1,5,2,3
"244",4,2,2,2,2,2,2,2,2,2,1,5
"245",2,2,2,2,2,2,1,2,2,2,0,6
"246",4,2,2,4,2,4,2,2,2,1,2,2
"247",2,2,4,2,4,3,2,2,1,5,3,1
"248",2,2,4,2,2,2,4,2,1,1,2,2
"249",2,2,2,4,2,2,4,2,1,3,5,4
"250",2,4,2,4,4,2,4,2,2,5,1,3
"251",2,2,4,4,4,2,4,2,1,1,1,5
"252",2,3,4,4,4,2,4,2,2,1,5,2
"253",2,2,2,2,2,4,4,2,2,1,1,4
"254",2,3,2,2,2,2,2,2,2,1,1,6
"255",2,2,2,2,2,2,2,2,1,1,0,6
"256",4,4,2,4,2,2,4,2,1,4,2,3
"257",4,2,4,4,2,2,3,2,1,5,4,2
"258",4,2,2,2,4,2,4,2,2,2,1,5
"259",4,2,2,9,4,2,3,2,1,5,3,1
"260",2,2,4,4,4,2,4,2,1,5,2,1
"261",4,2,2,2,2,2,2,2,1,2,0,6
"262",4,2,2,2,2,9,2,2,1,1,0,4
"263",2,4,2,4,2,2,4,2,1,1,1,5
"264",4,3,9,3,9,2,4,2,1,5,2,1
"265",2,4,4,4,4,2,4,2,1,5,2,2
"266",4,2,4,4,4,2,4,1,2,1,1,4
"267",4,4,4,4,4,2,4,2,2,1,2,2
"268",4,2,2,4,4,2,4,1,2,1,2,3
"269",4,2,3,2,2,3,4,2,2,1,0,6
"270",4,2,2,5,4,1,2,1,1,5,3,2
"271",2,3,2,4,4,2,4,1,2,1,1,6
"272",4,2,2,2,4,2,4,1,2,1,2,2
"273",2,3,4,2,3,4,2,9,1,1,1,5
"274",2,2,2,2,4,2,2,1,2,1,2,3
"275",4,2,2,2,3,2,2,2,1,1,1,6
"276",2,4,4,3,3,2,4,1,1,5,2,1
"277",2,2,4,3,2,2,4,1,2,5,3,1
"278",2,4,4,3,9,1,5,1,1,5,5,1
"279",4,2,2,9,2,2,2,1,1,1,1,6
"280",2,3,2,4,2,2,5,1,1,1,3,5
"281",2,2,3,2,2,4,2,1,2,1,1,6
"282",1,4,2,2,2,2,2,2,1,5,1,2
"283",4,2,3,2,4,2,3,1,2,1,2,3
"284",1,5,2,2,5,1,5,1,2,1,3,1
"285",2,4,2,4,4,2,4,2,2,1,1,4
"286",2,4,4,4,2,2,4,1,1,1,3,3
"287",4,4,4,3,4,2,4,1,2,5,3,1
"288",1,5,4,4,4,2,5,1,2,5,4,1
"289",1,4,2,3,2,1,5,1,2,1,1,4
"290",4,2,2,2,2,2,2,1,2,1,0,6
"291",2,4,2,9,5,1,5,1,1,5,3,1
"292",4,2,2,4,4,2,4,1,2,5,4,2
"293",1,3,3,2,2,1,2,1,1,1,1,6
"294",1,2,2,4,5,1,5,1,2,4,4,3
"295",2,3,2,5,3,1,5,1,1,3,2,5
"296",1,2,4,4,4,2,5,2,1,5,5,2
"297",2,4,4,4,4,2,5,1,1,3,4,3
"298",2,4,4,4,3,2,5,2,1,1,2,3
"299",5,2,2,5,5,1,5,1,2,1,3,2
"300",2,4,4,4,4,1,5,2,2,1,4,4
"301",1,2,5,2,5,5,5,1,1,1,2,4
"302",1,4,4,4,4,1,4,1,2,1,2,3
"303",5,1,3,2,2,1,1,1,2,2,2,6
"304",1,5,1,1,5,1,4,2,2,2,1,5
"305",5,1,1,5,1,1,1,1,1,1,0,6
"306",1,5,4,3,4,2,4,1,1,1,2,3
"307",2,4,4,2,2,1,4,2,1,5,4,2
"308",1,1,1,5,5,1,5,1,1,5,2,1
"309",1,3,3,3,5,1,4,1,1,1,3,3
"310",1,5,5,1,1,1,5,1,2,5,4,1
"311",1,4,4,4,4,3,4,1,1,5,5,2
"312",5,2,2,4,2,1,5,1,2,2,2,6
"313",1,5,5,5,1,4,5,1,2,5,2,1
"314",1,5,5,3,5,3,5,1,2,1,4,3
"315",5,1,1,1,1,5,1,3,1,5,1,6
"316",4,9,2,3,2,3,2,2,1,4,2,3
"317",2,3,3,3,3,2,2,1,2,1,3,4
"318",4,4,4,4,4,2,1,1,2,1,5,3
"319",4,3,3,3,3,3,2,2,2,1,0,6
"320",2,3,3,3,3,3,2,1,1,5,2,2
"321",2,4,4,3,2,2,2,1,1,5,2,1
"322",4,4,2,2,3,3,2,1,1,5,2,3
"323",4,4,3,3,3,2,2,1,2,5,2,1
"324",4,2,3,4,3,2,2,3,2,4,0,1
"325",2,3,3,2,2,2,2,1,2,1,0,4
"326",2,2,2,2,2,2,2,2,1,5,0,5
"327",4,4,4,4,4,4,4,3,1,1,0,6
"328",4,4,3,3,3,4,2,1,1,1,0,4
"329",4,3,3,3,3,2,4,2,2,5,3,2
"330",2,4,2,2,2,4,4,4,1,5,4,2
"331",9,4,4,4,4,2,4,1,2,1,0,5
"332",2,4,3,3,3,3,2,9,2,1,2,3
"333",1,3,3,4,4,1,5,1,1,5,1,3
"334",1,3,4,5,4,1,5,1,2,1,1,3
"335",4,2,2,3,3,2,4,1,2,2,1,6
"336",2,9,2,2,2,9,2,1,1,1,0,6
"337",4,2,2,4,4,1,4,1,2,1,1,4
"338",1,2,3,4,2,1,4,1,2,1,1,5
"339",1,5,5,5,5,1,5,1,1,1,1,3
"340",5,1,2,2,2,9,1,9,1,1,0,6
"341",1,5,5,5,9,1,5,1,1,1,3,2
"342",2,3,3,4,3,1,4,1,2,1,3,4
"343",1,2,3,9,9,1,4,1,1,1,1,4
"344",3,3,4,5,3,1,4,1,2,1,2,2
"345",4,1,2,4,2,2,4,1,2,1,1,6
"346",2,2,2,2,9,2,1,2,1,1,0,6
"347",1,4,3,4,4,1,4,2,2,1,0,6
"348",2,4,4,3,4,1,5,3,2,1,1,5
"349",4,2,2,3,4,1,5,1,2,1,3,3
"350",4,2,2,2,2,2,3,1,1,1,1,4
"351",1,5,5,5,5,1,5,2,2,1,1,4
"352",1,9,4,9,9,1,4,1,2,2,0,6
"353",9,9,9,9,9,2,1,9,1,2,0,6
"354",1,5,5,4,4,1,5,2,2,1,1,3
"355",4,2,1,9,3,2,3,1,1,1,2,2
"356",1,2,2,5,5,1,5,1,2,1,3,2
"357",4,2,2,9,2,2,5,1,1,1,5,3
"358",4,2,2,4,3,1,2,2,2,1,0,6
"359",1,3,4,5,5,2,5,1,2,5,3,1
"360",2,4,4,5,2,1,5,1,2,5,2,4
"361",2,2,2,4,4,2,5,2,1,1,5,5
"362",1,3,9,4,5,1,5,1,1,5,5,1
"363",2,4,2,1,9,3,4,2,1,5,4,2
"364",4,2,2,2,3,1,3,1,1,1,4,5
"365",2,4,5,5,2,1,4,1,2,5,2,1
"366",2,4,4,4,2,1,5,1,2,4,2,3
"367",2,4,3,4,5,1,5,2,2,5,4,1
"368",2,4,4,2,3,1,3,1,2,2,3,6
"369",2,2,4,4,4,1,4,1,1,5,4,3
"370",3,2,2,3,4,1,4,1,1,5,3,1
"371",4,2,2,2,4,2,4,1,1,1,3,4
"372",4,4,2,2,4,2,4,1,2,1,2,3
"373",4,2,2,2,2,4,2,2,2,2,0,6
"374",2,2,4,2,4,2,4,2,2,1,2,2
"375",4,2,2,2,4,2,2,2,2,2,1,4
"376",4,2,2,2,4,4,2,1,1,5,1,6
"377",2,4,4,2,4,2,4,2,1,5,4,5
"378",4,2,2,2,4,2,4,2,1,1,1,4
"379",2,4,4,4,4,2,4,2,2,1,1,5
"380",1,4,4,2,4,1,4,2,1,5,2,1
"381",2,2,2,4,4,4,4,2,2,5,3,1
"382",4,1,1,4,2,2,1,1,1,1,0,6
"383",2,4,4,4,4,1,4,2,1,5,3,1
"384",1,5,5,4,2,1,4,4,2,1,1,6
"385",2,4,2,2,4,2,4,1,2,1,2,5
"386",4,4,4,4,4,2,4,2,2,1,4,3
"387",2,4,4,4,4,2,4,2,2,5,3,1
"388",2,4,4,9,4,2,4,2,1,1,3,4
"389",4,4,4,5,5,2,4,2,2,5,3,1
"390",2,2,4,4,4,2,4,2,2,1,2,3
"391",4,4,4,4,2,2,4,2,2,5,5,2
"392",2,2,2,4,4,4,4,2,1,5,2,2
"393",4,4,4,4,2,2,2,2,1,5,3,1
"394",1,1,1,1,4,4,2,2,1,2,1,5
"395",2,2,2,2,2,2,4,2,2,5,2,6
"396",2,2,2,2,4,4,2,2,1,1,1,4
"397",4,2,2,4,4,4,4,2,1,1,1,5
"398",2,4,2,2,2,4,2,2,1,5,1,1
"399",2,2,2,4,4,2,4,2,1,5,3,1
"400",2,4,2,3,2,4,4,4,2,5,3,1
"401",2,2,2,4,4,2,5,2,1,4,2,2
"402",2,2,2,2,4,4,4,2,1,4,2,3
"403",2,2,2,2,2,2,2,9,2,2,0,6
"404",2,2,4,4,2,2,4,2,2,5,3,3
"405",2,2,2,4,4,2,4,2,2,1,3,2
"406",5,5,5,3,1,1,5,1,2,1,2,3
"407",2,4,2,2,2,2,4,2,1,1,0,4
"408",2,4,4,4,2,2,4,1,1,5,3,2
"409",4,3,2,4,4,2,4,1,1,1,2,4
"410",2,4,2,2,4,4,4,1,1,1,3,2
"411",2,2,4,2,2,2,3,1,2,1,2,5
"412",1,5,5,5,2,2,5,1,2,1,3,2
"413",2,2,3,4,4,1,4,1,1,5,3,1
"414",4,2,4,4,4,1,4,1,2,5,0,1
"415",2,2,2,4,2,2,4,1,2,5,2,1
"416",4,4,3,2,2,1,4,2,1,1,2,2
"417",4,2,2,2,9,1,1,1,1,1,0,6
"418",2,2,2,2,2,2,2,1,2,2,0,6
"419",4,2,2,2,2,2,2,2,2,1,0,5
"420",2,2,2,2,4,1,4,4,2,1,0,6
"421",4,2,2,2,2,2,2,2,1,1,0,6
"422",2,2,4,4,4,1,5,4,2,5,2,1
"423",4,2,2,2,2,3,1,2,2,1,0,6
"424",4,2,2,4,4,1,4,3,2,1,2,4
"425",2,4,3,2,4,2,4,2,1,1,2,3
"426",2,2,4,2,2,4,4,1,1,5,3,1
"427",2,4,4,5,2,1,5,1,2,1,2,3
"428",2,2,2,2,2,2,3,2,2,1,1,4
"429",4,2,2,2,2,1,2,1,1,5,0,5
"430",4,4,2,2,1,4,4,1,2,5,2,2
"431",4,2,2,2,4,1,1,1,2,1,1,5
"432",4,1,1,4,2,4,4,2,1,5,2,2
"433",4,2,2,2,1,4,2,2,1,1,1,6
"434",4,2,2,4,4,2,1,2,1,5,1,4
"435",1,5,3,4,1,1,2,1,1,1,1,5
"436",4,4,3,2,2,2,2,2,1,1,1,6
"437",2,2,3,1,1,1,1,4,2,2,0,6
"438",2,2,2,3,3,2,5,1,2,1,3,2
"439",2,3,4,2,2,3,4,2,1,5,3,1
"440",4,2,2,3,2,2,2,2,2,1,1,5
"441",2,4,2,2,2,2,4,2,2,1,2,4
"442",4,2,2,4,4,2,4,2,1,5,3,2
"443",4,1,1,2,4,2,5,2,2,1,2,3
"444",2,2,2,4,4,2,4,2,1,1,2,3
"445",2,9,9,2,2,9,2,1,2,2,0,6
"446",1,1,2,2,2,2,2,1,2,5,4,1
"447",1,2,1,2,1,1,1,2,2,1,2,3
"448",2,3,3,2,2,1,5,1,1,1,2,2
"449",1,2,4,2,2,2,3,2,1,5,3,2
"450",4,1,3,2,1,3,4,1,1,1,1,6
"451",2,1,1,1,1,2,2,2,2,1,2,4
"452",4,1,2,2,2,4,1,2,1,1,1,5
"453",9,2,2,3,9,9,2,2,2,1,0,6
"454",2,4,4,5,5,2,4,1,2,5,2,1
"455",2,2,2,5,5,2,4,1,2,4,2,3
"456",2,1,2,4,5,4,4,2,1,5,2,2
"457",2,4,4,5,4,2,5,1,2,1,4,2
"458",2,2,4,4,4,2,4,2,1,5,4,1
"459",2,5,4,4,2,2,5,2,1,5,3,2
"460",2,2,2,9,2,2,2,2,1,2,1,6
"461",2,4,4,2,4,4,5,1,1,4,3,4
"462",1,4,4,4,2,2,5,2,2,5,3,1
"463",5,2,2,4,2,4,2,4,1,1,2,2
"464",2,2,2,2,2,2,5,2,2,5,3,2
"465",4,2,2,2,2,3,2,2,2,2,1,6
"466",4,2,2,2,2,3,2,3,1,2,1,6
"467",4,2,2,2,2,3,2,2,2,2,1,5
"468",2,2,2,2,2,2,2,2,1,5,3,1
"469",2,4,4,4,2,4,5,1,1,5,2,3
"470",2,2,3,4,4,2,5,2,2,5,2,3
"471",2,2,2,4,2,2,5,2,1,1,5,4
"472",4,2,2,2,2,3,2,2,2,1,9,6
"473",3,3,2,2,2,2,3,2,1,1,2,6
"474",2,3,4,2,4,2,5,1,2,4,1,3
"475",1,2,4,5,5,1,5,1,2,1,2,3
"476",2,4,2,4,5,2,4,2,1,1,4,4
"477",2,4,4,4,2,2,4,2,2,1,5,4
"478",1,4,4,4,2,1,5,1,2,1,3,6
"479",2,2,2,9,2,2,4,1,1,1,5,5
"480",4,4,4,4,4,2,4,2,2,1,3,3
"481",4,2,2,2,2,2,3,1,1,3,2,2
"482",2,2,2,9,2,2,4,1,1,1,1,6
"483",2,2,2,3,4,2,4,9,2,2,0,6
"484",2,2,2,4,5,1,5,1,1,1,1,5
"485",4,3,2,3,3,1,5,1,2,1,1,4
"486",2,2,2,3,3,2,3,2,1,1,0,6
"487",2,2,2,2,2,2,2,1,1,1,1,4
"488",4,4,3,3,3,2,5,1,2,1,1,6
"489",4,4,3,3,3,2,5,1,2,1,3,1
"490",4,2,2,4,4,3,4,1,1,1,2,2
"491",4,2,2,2,2,1,4,1,2,1,2,3
"492",2,2,2,3,2,2,2,2,1,1,1,5
"493",3,4,4,4,3,2,4,1,2,1,0,6
"494",4,2,2,2,3,4,4,1,1,1,3,3
"495",4,2,2,2,2,2,2,1,1,1,0,6
"496",4,2,2,2,3,2,3,9,2,2,0,6
"497",4,2,2,4,5,1,3,1,2,5,1,5
"498",4,3,2,2,4,2,4,1,1,1,0,6
"499",4,2,2,2,2,2,4,1,1,1,1,5
"500",2,2,3,2,1,2,5,1,1,5,2,3
"501",4,2,4,2,2,2,5,1,2,1,2,3
"502",1,3,3,3,3,2,3,2,2,4,2,3
"503",4,4,1,1,1,1,2,2,1,1,0,4
"504",4,1,1,2,1,4,1,2,1,1,2,5
"505",4,4,4,4,2,2,4,2,2,1,1,2
"506",4,2,2,2,2,2,1,2,1,5,1,2
"507",4,4,4,4,4,4,2,2,2,5,1,1
"508",1,3,3,3,1,1,3,2,2,1,0,6
"509",1,4,5,2,4,2,5,2,1,5,2,1
"510",1,5,4,5,5,2,5,1,2,5,3,1
"511",2,4,2,4,4,2,4,1,1,5,3,3
"512",1,4,2,4,4,2,4,2,2,1,0,5
"513",1,4,3,5,3,1,4,2,2,2,1,4
"514",4,2,4,4,3,5,4,1,2,1,3,2
"515",3,3,3,3,3,3,2,3,1,3,1,2
"516",1,4,4,9,2,3,5,1,1,5,3,1
"517",5,3,1,3,1,1,3,2,2,2,0,6
"518",1,3,2,1,3,1,3,2,1,1,1,3
"519",4,2,2,4,4,3,4,2,2,1,2,4
"520",2,4,2,2,4,2,4,1,2,5,2,2
"521",1,2,4,4,4,2,5,1,2,1,2,3
"522",4,2,2,2,4,1,2,1,1,5,4,1
"523",2,2,2,3,3,4,4,2,1,1,5,4
"524",2,2,2,2,4,2,4,1,1,5,3,2
"525",2,2,2,2,5,2,4,2,2,5,3,1
"526",5,2,1,4,4,1,1,2,1,1,2,5
"527",9,2,2,4,5,1,5,2,2,5,2,2
"528",5,1,1,2,2,4,2,2,2,2,0,6
"529",5,1,1,2,4,2,2,1,2,2,2,3
"530",2,2,2,2,9,2,4,1,1,1,2,3
"531",2,2,2,4,4,2,4,2,2,5,3,1
"532",2,2,2,4,4,4,4,2,1,1,5,3
"533",1,4,3,4,2,4,4,1,2,1,4,5
"534",4,2,1,1,4,4,4,1,2,1,2,4
"535",2,2,2,4,4,4,4,2,1,5,3,1
"536",4,2,2,3,4,1,4,1,2,5,4,2
"537",2,4,4,4,4,2,4,2,1,5,2,2
"538",5,1,1,1,2,1,1,1,2,1,1,4
"539",2,2,2,1,1,1,2,2,2,1,1,2
"540",1,2,2,5,1,4,5,1,1,5,1,2
"541",2,2,2,2,9,3,4,1,1,5,2,3
"542",2,2,4,2,2,2,5,1,1,5,2,1
"543",2,9,4,2,3,2,5,1,2,1,2,2
"544",4,1,1,2,2,3,1,1,1,1,0,4
"545",1,3,3,3,3,1,5,1,2,5,2,1
"546",3,2,1,4,4,2,2,1,1,1,1,6
"547",5,1,1,1,2,2,1,1,2,1,1,6
"548",1,2,2,4,4,2,4,1,2,1,1,4
"549",1,4,3,4,2,2,4,1,2,2,1,5
"550",2,4,4,4,3,1,4,1,2,5,5,2
"551",1,2,4,4,4,2,4,1,1,5,2,3
"552",4,2,2,2,2,3,3,1,1,1,3,4
"553",2,2,2,3,4,2,2,2,1,1,1,4
"554",2,4,4,2,2,1,4,1,1,1,1,6
"555",1,4,4,3,3,2,4,1,2,1,3,1
"556",2,3,3,3,4,2,4,2,2,5,3,1
"557",1,2,4,4,2,2,4,1,1,5,3,1
"558",2,2,2,4,2,2,2,2,2,1,1,6
"559",2,2,4,3,2,2,4,1,1,1,2,2
"560",4,2,2,3,4,2,2,2,2,1,1,4
"561",1,2,3,3,4,2,4,1,2,5,3,2
"562",1,4,4,4,2,2,4,2,1,1,3,4
"563",4,2,2,2,4,2,3,2,2,1,0,6
"564",1,4,4,3,3,1,3,1,1,5,3,2
"565",4,2,2,4,4,2,2,2,1,1,1,6
"566",2,4,2,4,4,2,4,2,2,5,2,1
"567",2,2,2,4,4,2,3,2,1,5,2,2
"568",5,2,2,3,3,1,4,1,1,4,1,4
"569",4,2,1,3,4,1,2,1,2,1,0,4
"570",2,2,2,3,4,2,3,2,2,5,1,6
"571",2,4,4,4,4,2,4,1,1,5,2,1
"572",4,4,4,4,4,2,4,2,2,1,2,3
"573",5,1,1,4,1,5,1,2,2,2,1,6
"574",3,2,1,4,5,2,5,1,1,1,3,2
"575",3,2,2,5,5,1,5,1,2,5,2,1
"576",5,1,1,5,5,2,5,1,2,1,2,2
"577",5,2,4,2,5,1,5,1,2,1,3,2
"578",5,1,1,1,1,9,1,1,1,2,1,6
"579",5,1,1,2,9,1,1,1,1,1,1,3
"580",4,1,1,2,3,4,2,1,2,1,1,6
"581",1,5,5,5,5,2,5,1,2,1,3,2
"582",1,5,5,5,5,2,5,1,1,5,5,2
"583",4,2,2,4,3,1,5,1,1,5,3,1
"584",5,5,1,2,5,1,5,1,2,1,1,3
"585",5,3,1,2,5,5,5,1,2,5,3,1
"586",5,1,1,5,1,5,3,1,1,1,2,3
"587",1,2,2,3,4,1,4,1,2,2,1,4
"588",9,4,2,2,2,2,2,2,2,5,1,6
"589",4,2,2,2,4,2,4,1,1,5,2,1
"590",2,4,4,9,4,2,4,1,2,1,2,3
"591",2,9,4,2,4,2,4,2,1,1,1,6
"592",1,4,4,4,4,2,5,1,2,5,4,1
"593",2,2,2,2,4,3,2,1,2,1,1,5
"594",2,4,4,2,2,4,4,2,1,5,3,1
"595",2,4,4,4,4,2,4,1,1,1,3,4
"596",4,4,2,4,9,2,4,1,2,5,2,3
"597",4,1,1,2,2,2,2,2,1,1,3,5
"598",2,4,4,2,2,2,4,1,1,1,3,3
"599",2,4,3,4,2,2,4,1,2,1,3,3
"600",2,3,4,3,4,2,2,2,2,1,0,6
"601",4,2,2,2,2,2,2,1,2,5,1,4
"602",2,4,3,3,2,2,2,2,1,1,1,6
"603",4,2,4,4,4,2,4,2,1,1,2,2
"604",4,2,2,4,2,2,2,2,1,1,1,2
"605",2,4,4,2,2,2,3,1,1,1,1,4
"606",1,4,4,4,2,2,4,1,2,1,5,2
"607",2,3,4,1,1,4,3,1,2,1,1,3
"608",2,2,2,3,4,1,3,1,2,1,2,3
"609",1,4,2,4,2,2,4,2,1,5,3,1
"610",2,2,2,2,2,2,2,1,1,5,1,2
"611",1,4,4,4,2,2,5,1,2,5,3,1
"612",4,2,2,2,2,2,4,2,2,5,2,2
"613",2,2,2,4,4,4,5,1,2,5,3,1
"614",1,4,4,1,2,2,1,1,1,5,1,2
"615",4,1,2,1,1,1,1,1,2,1,1,5
"616",1,4,2,2,2,2,2,1,2,1,0,4
"617",2,4,2,1,1,1,1,1,2,2,1,2
"618",2,3,2,2,2,2,4,1,1,5,2,1
"619",1,2,2,1,4,2,2,1,1,1,1,4
"620",4,1,1,1,1,1,1,2,1,1,0,5
"621",4,2,2,4,4,2,4,1,2,5,2,1
"622",4,2,1,1,1,2,2,1,2,1,0,6
"623",3,2,2,3,1,1,2,1,2,5,2,2
"624",2,9,4,2,2,2,1,1,1,1,1,3
"625",1,1,4,1,1,1,1,2,1,1,2,2
"626",1,4,4,5,2,2,5,1,1,5,4,2
"627",2,2,2,4,3,2,4,1,2,1,4,3
"628",4,2,2,2,4,2,2,2,1,1,1,5
"629",3,2,2,4,2,2,2,2,2,2,0,6
"630",5,1,1,3,5,1,4,2,2,1,3,2
"631",2,4,4,4,5,2,5,1,1,5,3,1
"632",4,2,2,2,2,2,4,1,1,1,1,4
"633",4,4,2,2,5,2,2,2,2,1,1,5
"634",3,4,9,4,4,4,4,2,1,5,3,1
"635",4,2,2,2,2,2,2,2,2,1,0,4
"636",4,2,2,2,2,2,4,1,2,1,1,5
"637",2,4,4,2,2,2,4,1,2,5,2,1
"638",4,1,1,9,3,2,5,1,2,1,2,2
"639",1,9,3,4,3,2,4,2,1,5,2,3
"640",2,2,9,4,4,2,4,2,1,1,4,3
"641",4,2,2,2,9,2,2,2,1,1,0,6
"642",3,2,2,2,2,2,1,1,2,1,0,6
"643",2,5,5,5,5,2,5,1,1,5,1,3
"644",4,2,1,2,4,1,4,1,1,5,1,2
"645",4,2,2,4,4,1,4,1,2,2,1,4
"646",2,2,2,2,2,2,4,1,1,1,3,6
"647",9,4,2,1,2,2,2,1,2,2,1,6
"648",1,4,1,9,4,2,5,1,1,5,3,1
"649",2,2,9,4,3,2,4,2,1,5,5,2
"650",2,2,2,4,2,2,4,2,1,3,5,3
"651",1,4,4,5,2,3,5,1,2,5,4,1
"652",1,4,4,4,1,1,1,1,2,5,2,1
"653",4,2,4,4,2,1,5,1,2,5,2,2
"654",2,4,4,4,3,2,4,2,1,5,3,2
"655",3,4,3,4,2,2,4,2,1,4,5,4
"656",4,2,2,2,2,2,4,1,2,1,1,4
"657",4,2,2,2,2,2,2,2,1,1,0,6
"658",9,3,2,2,2,2,4,1,2,1,1,4
"659",2,4,3,2,2,2,4,1,2,1,0,6
"660",2,3,2,2,4,2,2,2,1,1,1,5
"661",3,2,3,3,4,2,4,2,2,5,3,1
"662",4,2,2,3,2,3,4,2,2,1,2,5
"663",3,4,2,4,2,2,4,2,2,5,4,2
"664",4,2,2,3,2,3,4,2,2,2,2,6
"665",4,2,2,3,3,3,2,2,1,5,2,6
"666",4,2,2,2,4,2,2,1,1,1,1,5
"667",2,4,4,5,3,2,5,2,2,1,3,4
"668",5,5,5,5,4,1,5,2,1,5,5,2
"669",2,5,5,5,5,1,5,1,1,1,5,4
"670",1,1,1,4,4,1,4,1,1,5,4,2
"671",2,2,2,2,2,2,2,2,1,2,0,6
"672",2,3,2,4,4,2,4,1,2,5,2,2
"673",3,3,2,2,4,2,3,1,1,1,1,2
"674",2,3,4,4,4,1,4,1,2,5,2,1
"675",4,2,2,2,4,4,3,1,2,1,1,6
"676",4,2,2,9,4,9,9,1,2,1,1,4
"677",4,2,2,4,2,2,4,1,2,1,2,2
"678",2,4,4,4,2,2,4,2,2,1,1,3
"679",2,2,2,3,2,2,3,2,1,1,1,2
"680",4,4,2,2,4,2,2,1,2,1,0,2
"681",2,2,2,4,2,2,4,2,1,5,2,1
"682",2,3,3,4,2,2,4,2,2,5,2,1
"683",2,4,2,4,2,2,2,2,1,1,1,4
"684",2,3,3,4,4,2,4,2,2,5,2,4
"685",1,3,3,3,1,2,1,1,2,1,1,6
"686",1,1,3,9,3,1,4,1,1,5,3,1
"687",2,3,3,4,3,1,4,1,2,1,1,4
"688",2,3,2,9,4,9,3,2,1,1,3,5
"689",2,3,1,4,4,1,3,1,1,1,2,3
"690",2,4,3,3,3,1,3,1,1,5,5,2
"691",1,5,5,5,3,1,5,1,2,1,2,2
"692",1,2,3,4,4,2,4,1,2,1,4,2
"693",1,3,1,4,3,1,4,1,2,5,3,1
"694",2,2,2,4,2,2,4,2,1,1,0,4
"695",2,2,2,2,2,2,3,2,2,2,0,5
"696",4,2,4,1,1,2,4,1,1,1,1,3
"697",1,4,4,4,2,2,4,1,1,1,1,5
"698",1,4,4,4,4,1,5,1,2,1,2,1
"699",5,2,2,2,2,3,2,2,2,1,1,5
"700",4,2,1,4,5,2,2,2,2,1,1,6
"701",2,4,4,4,5,2,5,1,1,4,2,2
"702",2,5,5,2,2,2,5,1,2,1,2,3
"703",2,4,5,4,4,4,5,1,2,5,3,2
"704",2,2,2,2,2,2,2,1,2,1,0,6
"705",1,4,4,4,2,2,5,2,2,5,3,1
"706",4,1,2,2,2,4,1,1,1,1,2,3
"707",4,2,2,4,4,2,4,2,1,4,2,2
"708",4,2,2,3,4,1,2,1,1,1,0,5
"709",4,2,3,4,4,2,1,1,1,1,0,6
"710",3,4,2,3,4,2,2,1,2,2,1,6
"711",4,2,2,4,5,1,4,1,2,1,2,3
"712",2,4,4,2,2,1,4,1,1,1,1,4
"713",2,5,2,4,5,2,5,2,1,1,3,3
"714",4,4,2,4,2,1,5,1,2,1,1,4
"715",1,2,5,5,4,1,5,2,2,5,2,1
"716",2,2,2,4,4,2,4,2,1,5,3,2
"717",1,4,4,4,5,1,5,1,2,5,4,2
"718",2,4,5,2,4,1,2,1,1,1,1,5
"719",4,2,4,4,4,2,2,2,1,1,0,6
"720",4,2,4,2,4,2,1,1,2,1,1,6
"721",2,2,2,4,5,2,5,1,2,1,3,3
"722",4,2,4,4,5,1,4,1,2,1,1,5
"723",1,4,4,4,2,1,4,1,1,5,2,2
"724",4,1,2,2,4,1,2,2,1,1,1,5
"725",1,4,2,5,5,1,5,2,2,1,9,3
"726",4,4,2,3,4,1,5,1,1,5,2,1
"727",5,3,1,4,4,1,4,1,2,1,3,2
"728",4,2,2,2,3,3,1,1,2,5,0,6
"729",2,2,2,4,5,1,5,1,2,5,3,2
"730",1,4,5,2,1,3,2,1,1,1,0,6
"731",1,4,5,2,5,2,5,1,1,5,2,1
"732",2,9,2,2,9,3,2,1,1,5,0,5
"733",4,2,1,2,3,4,1,1,2,2,1,5
"734",2,4,4,5,4,1,5,1,1,5,5,1
"735",1,9,5,5,5,1,4,1,2,1,3,3
"736",2,3,3,2,3,2,1,1,2,5,0,4
"737",2,9,9,2,4,1,2,1,1,1,3,4
"738",2,2,2,2,3,2,1,1,2,2,1,6
"739",4,2,1,2,4,2,5,1,1,3,1,5
"740",1,4,4,5,3,2,5,1,1,5,5,2
"741",1,4,4,4,4,1,3,1,2,5,4,3
"742",1,2,2,5,5,1,5,1,2,3,9,3
"743",1,4,2,3,5,1,5,1,2,5,3,2
"744",4,2,2,2,4,2,1,1,1,2,2,6
"745",4,2,2,2,2,3,2,1,2,2,1,4
"746",1,3,3,4,4,2,3,1,1,1,1,4
"747",5,1,1,4,4,2,5,1,1,1,3,3
"748",4,2,2,1,4,1,1,2,2,2,1,6
"749",2,2,2,2,9,2,2,1,1,1,0,6
"750",1,4,4,2,5,1,5,1,1,5,1,1
"751",2,9,2,5,5,2,4,1,1,1,1,4
"752",2,4,4,5,2,2,5,1,2,5,3,2
"753",1,5,4,4,4,1,5,1,1,1,3,5
"754",2,2,2,1,2,2,5,1,2,5,3,2
"755",2,2,5,2,2,2,5,1,1,5,3,2
"756",1,2,4,4,4,1,5,1,2,5,4,1
"757",4,2,1,4,4,1,4,1,1,5,4,1
"758",4,2,2,2,2,2,2,1,1,1,0,6
"759",4,2,2,2,2,2,2,2,2,1,0,6
"760",3,4,4,5,4,2,5,1,1,3,2,3
"761",4,1,2,4,4,4,5,1,2,5,3,1
"762",2,2,2,2,2,1,4,2,2,1,2,4
"763",1,4,4,4,5,1,5,1,2,5,5,1
"764",5,2,2,4,5,2,5,1,1,5,3,2
"765",4,2,2,3,4,2,2,1,2,2,1,6
"766",1,2,4,4,2,4,4,1,2,5,2,2
"767",1,4,4,5,2,2,5,1,2,5,3,1
"768",2,2,2,4,2,4,4,2,1,5,3,2
"769",1,2,5,3,5,1,5,1,1,5,4,1
"770",4,3,2,4,3,2,4,2,1,5,5,3
"771",2,4,4,5,5,1,4,1,2,1,2,3
"772",4,2,2,2,2,2,4,2,2,2,0,6
"773",2,4,2,9,4,4,5,2,1,5,2,2
"774",2,4,2,4,5,2,5,1,2,2,0,4
"775",4,2,1,2,4,1,4,1,2,1,2,5
"776",2,4,4,4,5,2,5,1,1,1,5,3
"777",2,2,2,2,5,2,4,1,1,1,2,3
"778",4,2,5,5,5,1,5,1,2,1,2,2
"779",1,2,1,4,4,1,5,1,2,5,2,1
"780",5,4,2,2,2,2,9,1,1,5,2,1
"781",1,1,1,9,2,3,2,1,1,1,1,5
"782",2,2,4,9,2,1,4,2,2,2,1,6
"783",1,2,5,5,4,3,5,2,2,5,2,2
"784",1,1,2,4,4,1,5,1,1,5,2,2
"785",1,4,4,5,4,4,5,1,2,9,2,2
"786",2,4,2,2,1,4,1,1,1,1,1,5
"787",2,2,4,4,2,4,2,2,1,1,2,3
"788",4,1,1,1,4,2,5,2,2,5,3,1
"789",1,4,4,3,5,2,4,1,2,5,2,2
"790",3,4,4,4,2,4,4,1,2,2,0,6
"791",1,3,3,3,3,1,2,1,2,1,2,4
"792",2,2,2,2,2,1,3,3,2,1,2,3
"793",4,2,1,2,1,2,4,1,1,1,2,6
"794",4,4,4,4,2,2,4,1,1,5,2,3
"795",1,4,4,4,3,1,4,1,2,1,3,3
"796",4,4,2,2,2,2,4,1,1,5,2,4
"797",1,4,3,4,3,1,4,1,1,5,2,1
"798",4,4,4,3,3,1,4,1,1,4,2,5
"799",4,3,2,4,2,2,4,1,1,2,2,6
"800",4,2,2,2,2,2,2,1,2,1,2,5
"801",3,2,2,2,2,3,3,1,1,5,2,2
"802",1,9,4,4,3,3,5,1,1,5,3,1
"803",1,5,5,5,4,1,4,1,2,5,4,2
"804",4,2,2,3,4,2,4,1,2,1,2,4
"805",5,2,2,1,3,1,1,1,2,1,1,6
"806",1,2,2,4,4,3,5,1,1,5,3,2
"807",5,9,2,2,4,1,2,1,2,1,1,5
"808",1,2,1,1,5,1,5,1,2,1,1,4
"809",1,2,1,2,4,4,5,1,2,1,2,3
"810",5,1,2,5,5,1,5,1,1,1,1,6
"811",1,4,2,4,4,1,5,1,2,5,2,1
"812",2,4,2,9,4,1,3,1,1,1,1,4
"813",4,2,2,2,2,1,5,1,1,5,2,1
"814",1,5,5,5,5,1,5,1,1,1,1,3
"815",5,1,1,9,5,1,4,1,2,5,5,6
"816",5,5,1,2,5,1,5,1,2,4,2,2
"817",4,2,2,1,1,1,4,1,2,1,1,5
"818",4,2,2,2,2,1,2,1,1,1,5,5
"819",4,1,1,1,1,1,3,1,2,1,2,3
"820",1,4,2,2,2,1,4,1,1,1,2,6
"821",1,4,4,4,4,1,5,1,1,5,5,2
"822",1,2,2,2,2,2,2,1,2,1,2,4
"823",1,4,2,4,1,1,5,1,1,1,5,3
"824",1,5,5,3,3,1,5,1,1,1,5,4
"825",4,4,3,3,3,2,4,1,1,3,2,4
"826",2,2,2,3,4,2,3,2,2,5,1,5
"827",9,9,9,9,9,2,9,2,1,5,1,6
"828",2,2,4,2,5,1,9,1,2,1,0,5
"829",3,3,2,3,5,1,4,2,2,1,1,4
"830",9,9,9,9,9,2,4,2,1,5,2,2
"831",2,4,3,3,9,1,3,1,2,1,4,2
"832",4,4,4,3,4,2,4,2,2,3,3,2
"833",2,9,3,3,9,2,3,2,1,1,2,5
"834",2,2,9,3,4,2,4,2,2,5,3,1
"835",2,2,2,3,4,2,3,2,1,5,3,2
"836",4,3,4,4,5,1,3,1,2,1,1,4
"837",2,3,3,3,3,2,2,4,1,1,1,5
"838",4,2,2,2,4,2,2,2,1,1,3,3
"839",2,2,2,2,4,3,2,2,2,1,0,6
"840",2,9,9,3,2,2,3,2,2,1,1,6
"841",9,9,9,9,4,2,2,2,2,5,2,1
"842",4,2,2,2,4,1,3,2,2,5,1,4
"843",3,3,3,3,4,2,3,2,1,1,2,3
"844",2,3,2,3,3,3,2,1,1,1,2,5
"845",2,9,9,9,9,9,4,2,1,5,2,2
"846",2,4,3,4,5,1,3,1,2,2,0,6
"847",1,5,4,5,5,1,5,2,2,4,3,3
"848",1,5,2,1,5,1,5,1,2,1,4,4
"849",1,2,4,4,1,1,4,1,1,1,1,5
"850",2,2,4,5,5,1,5,1,2,5,3,2
"851",2,3,2,4,2,2,4,1,2,1,1,5
"852",1,5,5,5,1,1,5,2,1,1,3,2
"853",2,2,2,5,4,1,4,1,1,1,2,3
"854",2,4,4,3,4,2,5,2,1,1,3,2
"855",1,5,5,5,2,1,5,2,2,5,5,2
"856",3,3,2,4,2,1,3,1,2,2,2,6
"857",4,2,2,3,4,2,2,1,1,1,1,6
"858",1,5,4,4,3,1,5,1,2,1,3,4
"859",1,3,1,2,3,2,5,1,2,5,5,2
"860",2,4,3,4,5,2,4,4,1,2,3,4
"861",1,2,4,2,3,2,4,1,1,1,1,5
"862",2,4,1,2,4,2,2,1,2,2,1,6
"863",2,2,2,2,2,2,2,1,2,5,2,2
"864",2,3,2,2,2,2,2,1,1,5,2,5
"865",1,5,5,5,5,1,5,1,2,1,2,3
"866",2,4,2,2,4,4,2,1,1,5,2,2
"867",1,5,5,5,2,1,5,1,2,5,2,1
"868",1,4,4,5,2,1,5,1,1,1,2,3
"869",1,4,4,5,5,1,5,1,1,1,3,4
"870",2,4,5,5,5,1,5,1,2,5,3,2
"871",2,2,4,4,4,2,5,2,1,5,4,1
"872",2,4,2,4,2,2,4,2,1,1,4,3
"873",2,4,4,5,5,1,5,1,1,5,4,1
"874",1,4,5,5,5,1,5,1,2,1,3,3
"875",2,4,4,5,5,2,4,2,2,1,3,4
"876",4,2,2,2,4,1,3,1,2,1,0,6
"877",1,4,4,4,3,1,4,1,1,1,4,3
"878",2,5,3,3,5,4,5,1,2,1,4,4
"879",4,3,4,2,3,2,4,1,1,1,2,5
"880",4,4,2,2,2,2,4,1,1,5,3,1
"881",5,5,4,4,4,2,4,1,2,1,3,2
"882",4,2,2,2,2,2,4,1,1,1,2,2
"883",2,3,2,2,3,2,4,1,2,1,2,6
"884",2,2,2,4,4,2,4,2,1,5,3,2
"885",4,2,2,2,4,2,3,2,1,2,1,6
"886",4,2,2,4,4,2,4,2,2,2,2,6
"887",4,2,2,2,2,2,4,2,2,1,2,3
"888",4,2,2,2,2,2,3,2,1,2,1,5
"889",2,3,2,4,4,2,4,2,1,3,2,4
"890",5,2,2,3,4,2,4,1,2,1,4,2
"891",2,4,4,4,4,1,4,2,2,5,3,1
"892",4,2,2,2,4,2,4,2,2,3,1,4
"893",4,2,2,2,2,2,2,2,2,1,2,4
"894",2,2,2,4,4,2,4,2,1,5,3,1
"895",2,2,2,2,2,2,2,2,2,2,1,5
"896",4,4,2,5,4,2,5,1,1,1,4,3
"897",4,2,2,3,2,2,4,2,2,5,2,1
"898",2,2,2,5,5,1,5,2,2,5,3,2
"899",1,4,4,4,9,9,9,2,1,1,2,2
"900",2,4,4,4,4,2,4,1,2,1,5,2
"901",2,4,4,4,4,2,5,1,1,1,3,2
"902",2,2,4,3,2,2,4,2,1,1,2,4
"903",3,2,2,3,4,2,4,2,1,1,1,4
"904",2,2,4,4,4,2,4,1,1,5,3,3
"905",4,2,2,2,2,2,2,2,1,2,1,6
"906",4,2,2,2,2,2,4,2,2,3,2,4
"907",2,2,2,4,4,2,5,2,2,3,2,4
"908",2,3,2,5,4,2,4,2,2,5,2,3
"909",2,3,2,2,3,2,3,2,2,1,2,6
"910",2,9,4,3,4,1,4,1,2,4,2,5
"911",2,4,2,4,4,3,5,1,2,1,5,5
"912",2,2,2,2,3,2,2,1,1,2,0,6
"913",4,1,1,3,3,1,3,1,1,1,2,4
"914",4,4,4,4,3,2,5,1,1,5,3,2
"915",2,2,4,2,2,4,4,1,2,4,3,2
"916",4,3,3,9,4,4,4,1,1,5,3,1
"917",2,4,4,3,3,2,3,1,2,1,2,6
"918",2,3,9,4,3,1,4,1,2,1,5,2
"919",4,2,2,4,4,3,3,1,1,1,3,4
"920",2,4,4,2,4,2,4,1,1,1,2,2
"921",2,4,4,4,3,4,3,1,2,1,2,5
"922",4,4,4,4,3,2,3,1,1,1,2,6
"923",2,2,2,4,2,4,4,1,1,5,3,2
"924",2,4,4,4,2,4,4,2,2,1,3,2
"925",2,2,3,4,3,2,3,2,1,1,1,4
"926",4,4,4,3,2,1,3,2,2,1,1,4
"927",4,2,2,3,2,3,4,1,1,1,0,6
"928",2,3,2,2,2,2,2,1,2,1,0,6
"929",4,4,4,4,4,1,3,1,2,5,4,2
"930",2,4,4,4,4,2,3,2,1,5,3,1
"931",2,4,4,3,3,2,4,2,2,1,2,4
"932",2,2,2,4,9,9,5,1,1,5,5,2
"933",2,3,3,2,3,2,3,2,2,1,2,3
"934",2,2,2,2,4,1,2,2,2,2,0,6
"935",2,1,2,2,3,3,1,2,1,1,2,5
"936",2,3,2,3,4,2,4,2,2,1,2,2
"937",2,3,3,4,5,1,3,1,2,5,3,1
"938",2,2,4,3,4,2,4,2,1,4,2,3
"939",1,4,4,5,2,2,5,1,1,1,3,3
"940",1,2,1,5,5,1,5,1,2,1,5,2
"941",1,5,4,5,5,1,5,1,2,1,5,4
"942",4,2,2,5,3,2,3,1,2,1,0,6
"943",2,4,4,4,4,2,4,2,1,5,3,1
"944",2,3,2,4,3,4,4,2,1,5,5,2
"945",1,4,4,4,4,2,5,1,1,1,3,4
"946",2,4,3,4,4,2,4,2,2,1,3,4
"947",4,3,3,4,3,2,3,2,1,1,2,6
"948",2,4,5,5,5,1,5,1,1,5,2,2
"949",2,3,4,4,3,3,3,2,1,1,5,3
"950",4,2,2,2,3,1,5,1,2,1,0,6
"951",1,5,5,5,5,1,5,1,2,1,4,4
"952",2,4,4,4,3,2,4,2,2,3,3,3
"953",1,5,5,5,3,2,5,1,1,1,3,1
"954",2,4,3,4,4,2,4,1,2,5,3,2
"955",1,5,5,5,5,1,5,1,2,5,3,1
"956",2,2,4,9,4,2,5,2,1,5,5,3
"957",2,4,2,4,4,2,4,1,1,1,4,6
"958",2,3,3,5,2,2,5,2,2,1,5,4
"959",2,5,4,5,5,2,5,2,1,5,3,1
"960",1,2,2,2,4,2,5,4,2,1,3,5
"961",2,4,4,9,5,1,4,1,2,3,4,5
"962",2,3,4,4,5,2,3,1,2,1,2,4
"963",2,2,2,2,9,2,4,2,1,1,2,6
"964",2,4,4,4,2,2,3,1,1,1,3,3
"965",4,2,2,9,4,2,3,2,2,1,1,6
"966",2,2,4,2,3,2,2,1,1,1,4,5
"967",2,4,2,2,4,2,5,2,1,5,3,1
"968",4,2,4,2,4,2,2,2,2,4,3,2
"969",4,2,2,9,5,2,5,1,1,1,2,3
"970",5,2,2,1,4,2,3,2,1,1,1,6
"971",2,4,4,3,3,4,4,2,2,1,0,5
"972",2,2,4,4,4,2,5,2,1,5,2,1
"973",2,4,3,2,5,1,5,1,2,5,2,1
"974",2,4,4,2,4,2,2,2,2,1,0,6
"975",4,2,2,2,4,2,2,2,1,1,1,5
"976",4,2,4,2,4,2,4,2,1,1,2,2
"977",4,2,2,2,4,2,2,1,2,2,1,6
"978",4,2,2,2,4,2,2,1,1,5,2,1
"979",2,2,2,2,4,2,4,1,2,5,3,1
"980",2,4,4,4,4,2,4,1,2,4,1,4
"981",2,2,2,2,4,2,2,2,2,1,1,6
"982",2,4,4,2,4,2,4,1,2,1,3,3
"983",4,2,2,2,4,2,4,1,1,1,2,3
"984",2,4,4,3,4,2,4,2,1,5,4,2
"985",4,2,2,2,2,2,2,2,1,1,2,5
"986",4,2,2,2,4,2,2,1,2,1,1,5
"987",4,2,2,2,2,4,2,2,2,5,2,1
"988",2,2,2,4,2,2,2,2,1,5,3,2
"989",4,2,2,2,2,2,2,2,1,1,0,6
"990",2,4,4,2,2,2,4,2,1,1,4,3
"991",2,5,5,2,2,4,4,1,2,1,3,2
"992",2,4,4,2,2,2,2,2,2,1,1,6
"993",2,2,4,2,2,2,2,1,2,2,0,5
"994",2,4,4,2,2,2,2,2,2,1,3,3
"995",4,2,2,9,2,2,4,2,1,1,1,4
"996",2,2,2,2,2,2,2,2,1,5,2,1
"997",2,4,9,2,2,2,2,9,2,1,0,6
"998",1,5,5,5,5,2,5,1,1,5,1,1
"999",2,4,2,2,4,4,2,1,2,5,2,1
"1000",1,5,2,2,2,2,1,1,1,5,1,3
"1001",2,2,2,4,4,2,4,2,1,1,2,2
"1002",2,3,5,3,2,2,2,1,1,4,1,4
"1003",2,4,4,2,4,3,4,2,2,1,0,6
"1004",5,1,1,1,5,1,1,1,2,2,1,5
"1005",2,4,2,2,4,2,4,1,2,1,2,2
"1006",1,2,2,4,4,2,5,1,1,1,2,2
"1007",1,5,5,1,1,5,1,1,2,1,1,3
"1008",5,1,1,5,5,1,5,1,2,1,4,2
"1009",2,2,2,2,2,2,2,1,1,2,0,6
"1010",1,3,3,3,2,3,5,1,1,1,2,3
"1011",2,4,4,2,2,2,2,1,2,2,0,6
"1012",5,1,3,2,3,2,3,1,1,1,1,3
"1013",4,2,2,4,4,2,4,1,2,5,3,1
"1014",2,3,3,4,2,2,3,1,1,1,2,4
"1015",2,4,4,4,4,2,4,1,2,1,2,2
"1016",2,4,4,4,9,2,4,9,2,1,1,6
"1017",3,2,2,4,2,2,2,1,1,1,1,6
"1018",2,2,2,4,4,2,4,2,1,5,2,2
"1019",5,5,1,1,1,5,1,1,2,5,2,1
"1020",1,2,4,4,3,2,4,2,1,1,2,3
"1021",4,2,4,2,4,2,4,2,2,1,2,2
"1022",4,2,2,2,4,4,4,2,1,3,1,2
"1023",5,9,1,3,5,1,1,1,1,1,2,5
"1024",2,4,4,2,2,4,4,2,2,5,2,1
"1025",3,4,2,2,4,2,4,1,1,1,0,4
"1026",4,4,2,4,4,2,4,2,2,1,2,3
"1027",4,2,2,3,4,2,4,2,2,1,0,4
"1028",4,2,2,4,4,4,2,2,2,1,0,6
"1029",4,2,4,2,2,2,4,2,1,5,3,1
"1030",2,4,4,4,9,2,4,1,1,5,3,1
"1031",4,2,2,2,4,4,1,2,2,1,0,6
"1032",4,2,2,2,4,2,4,2,1,1,0,3
"1033",9,2,2,2,2,2,1,2,1,1,0,6
"1034",4,3,2,2,2,2,2,2,2,4,0,5
"1035",2,4,4,4,3,2,4,2,2,1,2,3
"1036",4,2,2,2,2,4,3,2,1,1,2,4
"1037",2,2,4,3,4,2,4,2,1,1,2,2
"1038",2,3,2,4,4,4,4,2,2,1,2,2
"1039",4,2,2,4,4,2,3,2,2,1,1,4
"1040",2,4,4,3,3,2,4,2,2,5,2,2
"1041",4,2,2,2,2,2,2,2,2,1,0,5
"1042",2,3,3,2,3,2,3,2,1,1,1,3
"1043",2,4,4,2,2,2,2,2,1,5,1,5
"1044",4,3,9,2,4,2,2,2,1,1,0,3
"1045",2,4,2,4,2,2,4,2,1,5,3,2
"1046",4,2,2,2,9,9,2,9,2,1,0,6
"1047",4,4,2,2,2,2,2,1,2,5,1,1
"1048",1,4,4,3,2,3,5,2,1,5,2,1
"1049",2,4,3,4,2,2,4,2,2,2,2,4
"1050",4,4,2,2,2,2,2,2,2,5,2,1
"1051",4,3,2,3,4,4,4,1,2,1,0,3
"1052",2,4,2,9,4,2,5,1,1,5,0,3
"1053",2,4,3,4,2,4,4,1,1,1,1,3
"1054",4,4,4,2,2,4,4,1,1,5,1,2
"1055",4,4,2,4,2,2,4,1,2,1,2,4
"1056",2,2,9,9,9,2,3,2,2,1,1,6
"1057",2,2,2,2,2,2,2,2,2,2,1,5
"1058",2,2,4,4,4,2,2,2,1,1,3,3
"1059",2,2,4,2,2,2,2,2,2,1,2,4
"1060",2,2,2,2,4,2,2,2,2,1,2,3
"1061",2,4,4,2,4,2,2,2,2,4,2,2
"1062",4,2,2,2,2,4,9,9,1,2,1,6
"1063",2,4,4,2,2,9,3,2,1,1,0,4
"1064",4,2,2,4,3,2,2,2,1,5,2,2
"1065",2,4,4,4,4,2,2,2,1,5,2,1
"1066",4,2,2,5,5,2,5,2,1,5,2,1
"1067",2,2,2,2,4,2,4,1,2,1,0,5
"1068",4,2,4,3,2,2,5,1,2,1,2,2
"1069",9,2,4,2,2,2,2,1,1,5,5,2
"1070",2,2,2,2,2,2,1,2,2,1,1,6
"1071",2,2,2,4,2,2,4,2,2,5,3,1
"1072",4,2,2,2,2,2,2,2,2,1,1,5
"1073",4,4,2,2,3,2,3,2,1,1,1,6
"1074",2,2,2,2,1,2,2,2,1,1,1,5
"1075",2,4,2,2,4,4,4,2,2,1,1,3
"1076",2,2,3,4,2,4,4,1,1,1,3,3
"1077",4,2,2,2,2,2,2,2,2,1,1,4
"1078",2,2,2,2,2,2,2,2,1,1,1,4
"1079",4,2,2,4,4,2,4,2,1,5,2,2
"1080",1,4,4,4,2,2,4,1,1,1,2,2
"1081",2,2,2,4,5,1,4,1,2,1,1,3
"1082",2,4,4,3,4,2,5,2,1,1,2,2
"1083",2,2,4,2,2,2,4,2,2,5,3,1
"1084",2,4,5,5,2,4,4,1,2,1,2,4
"1085",4,2,2,1,1,2,2,2,2,1,1,5
"1086",2,4,2,2,2,2,4,2,2,1,2,2
"1087",5,1,1,2,3,1,4,2,1,3,2,6
"1088",2,2,2,3,4,2,4,2,1,1,2,4
"1089",4,2,2,2,2,2,3,2,2,2,2,2
"1090",4,4,2,2,2,2,2,2,2,1,0,6
"1091",2,2,9,3,9,9,4,2,2,1,0,5
"1092",2,4,2,4,4,2,4,2,1,1,3,2
"1093",4,2,2,4,4,2,4,2,1,5,3,1
"1094",2,2,2,4,2,2,4,2,1,1,3,3
"1095",2,2,2,9,4,2,4,2,2,1,3,2
"1096",4,4,4,4,4,2,4,2,1,1,0,3
"1097",4,2,2,4,4,2,4,2,2,2,0,6
"1098",4,2,2,9,9,2,4,2,1,1,2,2
"1099",2,3,3,3,4,2,4,2,2,5,3,1
"1100",2,4,2,4,4,2,4,2,1,5,2,1
"1101",4,2,2,2,4,2,4,2,2,5,0,5
"1102",4,4,4,4,4,3,4,2,1,1,2,4
"1103",2,4,2,4,4,2,4,2,1,1,3,2
"1104",2,2,3,3,9,9,4,2,2,1,1,4
"1105",2,2,2,4,2,3,4,2,1,1,3,5
"1106",2,2,4,4,4,2,3,2,2,5,2,3
"1107",9,9,9,9,9,9,9,9,1,1,0,6
"1108",4,2,2,2,2,2,3,2,2,2,2,2
"1109",4,4,2,2,2,2,2,2,2,1,0,6
"1110",2,3,9,3,4,2,4,2,2,1,1,4
"1111",2,2,3,4,4,2,4,1,1,1,1,6
"1112",3,2,3,2,5,2,4,1,2,5,1,5
"1113",3,3,4,4,4,4,4,1,1,5,2,2
"1114",4,2,2,4,4,9,4,1,1,1,1,5
"1115",4,3,3,3,2,2,3,1,2,1,3,4
"1116",2,2,2,4,5,3,4,1,1,1,4,3
"1117",4,2,3,9,3,4,3,1,1,1,1,4
"1118",4,3,2,3,4,4,4,1,2,1,1,5
"1119",1,4,4,4,4,2,5,1,2,1,3,3
"1120",4,3,3,3,3,2,4,9,2,1,2,2
"1121",2,4,4,4,4,2,4,2,2,5,3,1
"1122",5,2,2,1,1,2,2,1,2,4,3,4
"1123",4,4,4,4,5,4,4,1,2,2,2,4
"1124",4,3,2,3,2,4,2,2,1,1,4,5
"1125",2,2,3,2,2,4,5,1,2,1,4,3
"1126",1,4,3,2,1,1,5,1,2,5,3,1
"1127",2,2,2,2,4,2,4,1,2,1,2,2
"1128",2,2,3,2,3,2,4,2,1,5,4,2
"1129",2,2,2,3,2,2,2,1,2,1,0,6
"1130",2,4,4,2,4,2,4,1,1,5,1,3
"1131",2,4,2,4,4,1,4,1,1,5,3,1
"1132",4,4,1,2,4,1,5,1,2,5,3,2
"1133",4,2,2,4,4,2,4,2,1,5,5,2
"1134",4,2,2,2,2,2,2,1,1,1,3,6
"1135",4,2,1,2,4,2,3,1,2,1,3,5
"1136",2,2,4,2,3,4,4,2,1,5,2,1
"1137",2,2,2,2,4,4,2,1,2,5,1,6
"1138",2,4,4,2,4,1,4,1,1,5,3,3
"1139",4,2,2,2,2,2,2,2,1,1,1,5
"1140",2,4,4,5,5,1,5,1,2,5,3,1
"1141",2,2,2,4,2,2,4,1,1,5,2,3
"1142",2,2,2,4,2,2,4,1,1,5,5,2
"1143",1,4,4,5,5,1,5,1,2,1,4,2
"1144",4,1,1,5,1,5,4,1,1,1,2,5
"1145",4,1,1,3,4,1,2,2,2,3,0,4
"1146",1,5,5,5,1,1,5,1,2,5,3,1
"1147",5,1,1,2,2,4,2,2,2,1,0,6
"1148",2,1,2,5,4,2,4,1,1,5,2,2
"1149",5,1,1,5,2,4,2,1,1,5,1,3
"1150",1,2,4,4,2,4,2,1,1,1,0,4
"1151",1,2,2,2,2,2,4,2,2,5,3,1
"1152",2,4,4,5,5,1,5,1,2,5,3,1
"1153",3,2,2,2,2,2,2,1,1,1,2,4
"1154",2,2,2,4,2,3,4,1,1,1,2,3
"1155",1,4,4,2,4,3,4,3,1,1,2,2
"1156",2,4,4,2,4,1,4,1,2,1,3,4
"1157",2,2,4,4,5,1,4,1,2,2,2,2
"1158",2,3,2,4,4,2,4,1,2,1,3,3
"1159",2,4,4,4,9,2,5,1,1,5,3,1
"1160",3,2,3,2,4,1,2,1,2,1,2,3
"1161",2,3,4,4,3,2,4,1,1,1,3,3
"1162",2,4,3,4,3,4,4,2,2,1,1,5
"1163",2,4,3,3,3,4,4,1,2,1,3,3
"1164",2,9,2,2,2,9,2,9,1,2,0,6
"1165",1,2,2,2,4,1,3,1,2,1,2,3
"1166",2,4,3,4,2,1,5,1,1,1,2,2
"1167",2,2,3,2,4,2,5,2,2,5,2,2
"1168",2,4,3,2,2,3,3,2,2,2,0,6
"1169",2,2,4,2,2,2,3,9,1,1,1,4
"1170",2,4,2,4,4,1,2,2,2,2,1,6
"1171",2,4,2,4,3,2,4,1,2,5,5,1
"1172",4,2,2,2,4,2,2,2,1,1,3,6
"1173",2,3,4,4,4,2,4,1,2,1,2,4
"1174",5,1,1,4,5,1,4,1,1,5,2,1
"1175",4,2,1,3,2,2,4,2,2,1,1,5
"1176",4,2,2,2,2,4,2,2,2,1,1,4
"1177",4,2,2,2,2,4,2,2,1,1,1,6
"1178",4,2,2,4,2,4,3,2,2,1,2,3
"1179",2,4,4,4,2,2,4,2,1,5,2,3
"1180",2,4,3,4,3,4,3,2,1,5,2,1
"1181",2,2,4,4,4,4,4,2,1,1,2,4
"1182",4,2,2,2,2,2,2,2,2,2,1,6
"1183",2,4,4,5,5,1,5,1,2,1,4,3
"1184",2,4,4,2,4,2,3,1,1,1,0,5
"1185",2,4,4,2,4,2,4,1,1,1,1,3
"1186",2,2,2,4,4,2,4,1,2,5,2,1
"1187",2,4,3,3,4,2,4,1,1,5,3,1
"1188",4,2,2,4,4,2,2,1,2,2,1,6
"1189",2,2,2,2,4,2,2,1,1,1,2,6
"1190",4,2,2,2,4,2,2,1,2,1,1,6
"1191",4,4,2,2,2,2,4,1,2,1,2,2
"1192",4,4,2,4,3,4,4,1,2,1,2,3
"1193",4,2,2,4,4,2,2,1,1,1,2,3
"1194",4,4,4,2,4,2,4,2,1,1,2,4
"1195",4,2,2,2,4,2,2,3,1,1,1,6
"1196",2,3,4,4,3,2,4,1,1,1,3,3
"1197",2,4,4,9,5,2,4,2,1,1,2,4
"1198",4,4,4,2,2,2,2,2,2,1,1,6
"1199",4,2,2,2,4,2,4,2,2,1,2,3
"1200",4,4,2,4,2,2,4,2,2,1,2,2
"1201",4,4,2,4,4,2,4,2,2,5,3,4
"1202",4,2,2,3,5,2,3,9,2,1,0,6
"1203",9,9,9,9,9,9,9,9,1,5,1,6
"1204",2,3,4,9,9,9,4,2,1,1,2,3
"1205",4,1,1,9,4,3,3,2,2,1,1,5
"1206",4,2,2,3,4,2,4,1,2,1,2,2
"1207",9,9,9,9,9,9,9,2,1,1,1,5
"1208",4,2,2,2,4,2,9,2,2,5,2,4
"1209",2,2,2,9,4,2,3,2,1,5,2,3
"1210",9,9,9,9,9,9,9,9,2,1,0,6
"1211",2,9,4,4,4,2,5,2,2,5,3,2
"1212",2,2,4,4,4,2,5,2,1,5,5,2
"1213",9,9,9,9,9,9,9,9,1,1,0,6
"1214",4,2,2,4,4,3,4,2,2,1,9,4
"1215",2,4,4,4,4,3,4,2,1,5,3,1
"1216",9,9,9,9,9,9,9,9,1,1,1,6
"1217",2,9,4,4,4,2,4,2,1,1,2,3
"1218",9,9,9,9,9,9,9,9,2,2,0,6
"1219",9,9,9,9,9,9,9,2,1,1,2,5
"1220",2,2,2,4,4,2,4,2,2,1,1,5
"1221",2,2,4,4,4,2,5,2,2,3,2,1
"1222",4,2,4,4,4,4,4,1,2,1,2,4
"1223",1,4,4,4,4,1,3,1,1,5,4,1
"1224",9,2,9,9,4,2,4,2,2,1,2,3
"1225",2,2,2,2,4,2,2,2,1,1,1,6
"1226",4,2,2,3,4,2,4,2,2,5,4,2
"1227",4,9,2,2,2,2,2,2,1,1,2,1
"1228",4,2,2,2,2,2,4,2,2,1,1,6
"1229",4,2,3,4,2,2,4,2,2,1,2,2
"1230",4,2,2,2,4,4,4,2,2,5,2,1
"1231",4,2,2,4,2,2,4,2,1,5,3,2
"1232",2,2,4,2,2,2,2,2,1,1,2,2
"1233",2,4,2,2,2,2,2,2,1,4,1,5
"1234",1,2,2,3,3,2,3,2,1,1,2,3
"1235",2,3,4,1,1,1,1,2,2,2,1,6
"1236",4,3,2,3,3,2,4,2,2,1,2,1
"1237",2,2,2,4,2,2,4,2,2,1,3,3
"1238",2,2,4,4,4,2,2,2,1,2,1,6
"1239",2,4,4,4,3,2,4,2,1,5,4,2
"1240",1,2,2,4,4,2,4,2,2,1,1,4
"1241",3,2,4,4,4,2,4,2,1,5,3,1
"1242",1,4,4,4,4,1,4,1,2,1,4,5
"1243",1,2,2,2,2,2,2,1,2,5,3,1
"1244",2,5,2,2,2,2,2,2,2,1,3,2
"1245",2,2,2,4,2,2,2,1,1,2,1,6
"1246",1,2,1,1,1,1,2,1,1,5,3,1
"1247",1,1,2,1,2,2,2,2,1,1,3,3
"1248",1,4,4,4,4,1,4,2,1,5,5,2
"1249",1,4,4,4,4,1,4,2,2,1,3,3
"1250",2,4,4,3,2,2,4,2,2,4,1,3
"1251",1,2,4,3,2,2,4,2,1,1,1,5
"1252",3,2,2,2,4,2,4,3,2,4,3,2
"1253",9,2,2,3,4,2,4,2,1,1,2,3
"1254",2,2,2,4,4,2,4,2,1,1,2,2
"1255",4,2,2,4,4,2,4,2,2,5,3,2
"1256",4,3,3,4,3,2,4,2,2,1,4,2
"1257",4,3,2,2,2,2,2,2,1,1,1,5
"1258",2,4,2,2,2,2,2,2,2,1,1,6
"1259",4,2,2,4,2,2,3,2,2,1,1,5
"1260",2,4,9,9,2,3,4,2,1,1,3,4
"1261",4,2,3,3,4,3,4,2,1,1,2,6
"1262",4,2,2,3,2,2,2,2,2,1,2,4
"1263",4,2,2,4,4,2,2,4,2,1,1,4
"1264",4,2,2,2,2,4,2,2,1,2,1,6
"1265",2,4,4,2,2,2,4,2,1,5,3,1
"1266",2,4,2,3,4,2,4,2,2,5,2,1
"1267",2,2,2,2,2,2,2,2,1,1,1,4
"1268",2,4,4,4,2,4,4,2,1,5,2,3
"1269",4,2,2,2,2,2,2,2,2,1,0,6
"1270",3,4,2,2,2,3,4,2,2,2,0,5
"1271",2,4,4,4,4,2,4,1,2,2,0,6
"1272",4,2,2,2,2,4,2,1,2,1,0,3
"1273",2,2,2,4,2,3,4,2,1,1,1,6
"1274",2,4,4,2,4,4,4,1,2,5,2,1
"1275",2,2,4,2,2,2,2,2,1,5,2,2
"1276",4,2,2,2,1,4,1,1,1,1,0,4
"1277",2,4,4,5,4,2,5,2,2,5,2,1
"1278",2,2,4,4,4,4,5,1,1,5,2,1
"1279",4,2,2,4,4,2,4,2,1,2,1,6
"1280",2,2,4,4,2,1,4,2,1,5,2,4
"1281",4,2,2,2,2,2,4,2,2,1,1,6
"1282",4,2,2,4,4,2,4,1,2,1,1,4
"1283",2,2,2,4,5,2,5,1,2,1,5,4
"1284",1,3,4,5,4,2,5,1,2,5,4,2
"1285",4,2,2,4,4,2,2,2,1,1,1,5
"1286",2,4,4,4,4,2,5,1,2,4,5,3
"1287",4,2,2,4,4,2,4,1,2,2,1,6
"1288",4,2,2,2,2,4,3,2,1,1,2,4
"1289",1,4,5,5,5,1,5,2,1,1,5,2
"1290",3,2,2,2,1,2,4,2,1,1,2,6
"1291",4,2,2,2,4,2,2,1,2,1,1,6
"1292",4,2,2,4,4,2,4,2,1,1,3,2
"1293",2,4,4,3,2,4,4,2,1,5,3,2
"1294",4,2,2,4,2,3,3,2,2,2,0,6
"1295",4,2,2,4,3,2,4,2,2,1,3,2
"1296",3,2,2,4,3,2,4,1,1,1,1,6
"1297",4,2,2,4,2,2,2,1,1,1,3,5
"1298",1,3,2,4,5,1,5,1,2,1,2,3
"1299",2,2,2,4,9,2,4,1,1,1,5,3
"1300",4,4,2,4,4,1,4,1,2,1,1,4
"1301",2,4,2,4,2,4,4,1,2,5,4,1
"1302",4,2,2,4,4,5,4,1,1,1,2,2
"1303",2,4,2,4,9,2,5,1,1,5,4,1
"1304",4,2,2,9,2,2,4,1,1,1,3,5
"1305",9,2,2,9,9,1,4,9,1,1,1,6
"1306",2,2,9,4,2,1,4,1,2,1,1,4
"1307",2,2,2,1,9,1,4,1,2,1,5,2
"1308",9,4,2,4,2,1,4,2,1,4,5,3
"1309",4,2,2,2,4,4,4,1,2,1,1,6
"1310",2,4,2,4,4,2,4,1,2,5,3,1
"1311",2,9,9,4,2,4,4,2,1,5,1,5
"1312",4,2,9,2,2,9,2,2,2,1,1,6
"1313",2,2,2,2,2,2,2,1,1,1,1,6
"1314",4,4,4,4,2,2,4,2,2,1,2,3
"1315",4,2,2,4,9,2,4,1,1,1,4,2
"1316",1,4,4,4,2,9,5,2,1,1,3,1
"1317",4,2,2,2,4,2,4,1,2,1,3,3
"1318",2,4,4,4,2,2,4,1,2,5,5,2
"1319",2,4,4,4,4,2,5,1,2,2,3,5
"1320",4,4,4,4,4,2,4,1,1,1,3,2
"1321",2,5,5,9,4,2,4,2,2,1,3,3
"1322",2,2,2,5,4,2,5,1,2,1,4,3
"1323",4,2,2,4,2,2,4,1,2,1,2,3
"1324",4,2,4,4,4,2,4,1,1,5,2,1
"1325",2,2,2,2,2,4,2,1,1,1,1,6
"1326",2,2,4,4,4,2,4,1,2,1,1,6
"1327",4,2,2,9,4,4,2,1,2,1,1,5
"1328",2,2,2,2,2,2,2,1,1,2,2,3
"1329",4,2,2,4,2,4,2,1,1,1,3,4
"1330",2,2,2,4,4,2,4,1,2,1,1,4
"1331",4,2,2,4,4,2,4,1,1,5,2,1
"1332",2,2,2,2,2,2,2,1,2,2,1,6
"1333",4,3,2,4,2,1,5,1,2,4,3,2
"1334",2,2,2,4,2,2,4,1,2,1,3,3
"1335",1,1,2,4,2,2,4,1,2,4,2,3
"1336",4,1,1,2,2,4,1,1,1,1,1,6
"1337",4,2,2,4,4,1,5,1,2,4,2,3
"1338",4,2,2,3,2,2,4,1,1,1,1,4
"1339",2,2,4,4,3,2,4,1,1,5,1,5
"1340",4,2,2,4,3,1,4,1,2,5,3,1
"1341",5,4,1,4,2,1,5,1,2,1,2,2
"1342",1,2,1,1,1,5,1,1,1,1,0,6
"1343",4,2,2,3,2,2,4,1,2,5,4,1
"1344",2,2,2,2,2,2,2,1,1,1,1,5
"1345",5,1,1,1,1,4,1,1,2,1,1,6
"1346",2,4,4,4,4,2,4,1,2,1,3,2
"1347",4,2,2,2,2,4,2,1,1,1,1,6
"1348",2,3,2,2,2,2,4,2,1,5,3,2
"1349",1,1,1,2,4,2,4,1,1,5,2,1
"1350",2,1,1,3,1,4,4,1,1,1,1,4
"1351",4,2,2,4,4,2,3,1,2,1,1,3
"1352",1,2,4,5,2,1,5,1,2,1,1,5
"1353",4,2,2,9,4,2,4,1,1,1,2,3
"1354",4,2,2,2,2,2,4,1,2,2,1,6
"1355",4,2,2,4,2,2,2,1,1,1,3,6
"1356",4,2,2,3,2,1,3,1,2,1,1,4
"1357",2,2,2,2,2,2,4,1,1,3,2,2
"1358",4,1,2,2,2,4,1,1,1,1,0,4
"1359",2,5,1,4,4,1,5,1,2,1,2,3
"1360",4,2,2,2,1,5,2,1,2,1,0,6
"1361",2,2,2,3,2,4,4,1,2,1,2,3
"1362",1,4,4,4,2,1,5,1,2,5,2,2
"1363",2,4,2,4,2,2,4,1,1,1,3,3
"1364",1,2,2,3,2,1,4,1,1,5,2,1
"1365",4,2,2,2,2,1,2,1,2,1,1,5
"1366",2,2,2,4,2,1,4,1,1,1,5,4
"1367",1,4,4,4,3,2,4,1,1,1,1,6
"1368",1,4,4,5,4,1,5,1,2,1,3,4
"1369",2,4,5,5,4,2,5,1,2,5,3,1
"1370",4,2,4,4,5,2,5,1,1,3,3,3
"1371",3,3,3,3,3,3,3,1,1,1,5,2
"1372",4,2,3,3,2,4,3,1,2,2,1,6
"1373",2,3,4,3,3,2,4,1,2,5,3,4
"1374",4,4,4,4,4,3,4,1,2,1,4,2
"1375",2,3,3,9,4,9,4,1,1,5,3,1
"1376",5,2,2,2,9,4,4,1,2,1,2,3
"1377",4,2,3,9,2,2,2,2,1,1,1,6
"1378",2,4,2,9,3,2,5,1,2,1,5,3
"1379",2,2,2,4,4,2,4,2,2,1,3,2
"1380",1,4,3,2,4,1,5,1,1,5,1,4
"1381",2,4,4,4,2,2,9,2,1,1,3,2
"1382",2,2,2,4,3,2,5,2,1,1,5,4
"1383",4,9,9,2,9,9,2,9,2,1,0,6
"1384",2,2,3,2,2,2,3,2,1,5,2,1
"1385",2,2,2,2,2,2,5,2,2,1,1,4
"1386",2,2,4,3,2,1,5,1,2,5,3,1
"1387",2,2,4,4,2,2,2,2,1,1,3,4
"1388",1,2,2,2,2,2,5,2,2,1,1,2
"1389",2,2,4,4,2,2,2,2,1,1,1,3
"1390",2,2,2,3,2,4,2,2,2,1,1,5
"1391",2,4,4,2,2,2,2,2,1,5,4,2
"1392",1,2,4,2,2,3,4,2,1,1,1,5
"1393",4,2,2,2,2,4,2,2,2,2,1,6
"1394",4,2,2,2,4,2,2,2,1,1,1,6
"1395",4,1,2,2,1,2,2,3,2,1,1,6
"1396",2,3,4,2,2,2,4,2,2,1,3,3
"1397",2,2,4,3,4,2,4,9,2,1,1,6
"1398",9,2,2,9,9,9,9,9,1,5,1,2
"1399",4,2,2,2,4,2,3,2,1,1,3,2
"1400",2,2,2,4,4,2,3,2,1,5,4,1
"1401",2,4,4,4,4,2,4,2,2,5,4,2
"1402",4,2,4,4,2,3,2,3,1,2,1,6
"1403",2,2,2,3,4,2,4,2,2,1,2,4
"1404",2,2,2,4,4,2,4,2,2,5,4,1
"1405",4,2,2,2,2,2,2,2,1,1,3,3
"1406",9,2,2,2,2,4,2,2,1,1,2,5
"1407",4,2,3,2,4,2,2,9,2,1,2,6
"1408",2,4,4,2,4,2,4,2,1,1,2,3
"1409",4,2,2,4,4,2,4,2,2,1,2,4
"1410",2,4,4,4,4,2,4,2,2,1,3,3
"1411",2,4,4,2,4,9,4,2,1,1,2,2
"1412",2,3,4,4,4,2,4,1,2,5,5,2
"1413",4,9,4,4,2,2,3,1,1,1,2,5
"1414",2,4,3,3,4,5,4,2,1,5,5,2
"1415",3,3,1,2,4,2,4,1,2,1,5,4
"1416",2,3,3,2,3,2,4,1,1,1,3,4
"1417",2,2,4,3,4,2,4,1,2,5,3,1
"1418",1,3,3,3,4,4,3,2,1,5,3,1
"1419",1,4,4,5,3,1,5,1,2,2,1,5
"1420",3,3,4,2,2,2,3,2,1,1,0,6
"1421",2,2,2,3,2,2,3,1,2,2,1,6
"1422",2,3,3,2,3,3,3,1,2,1,1,6
"1423",2,3,9,2,4,2,4,2,2,1,4,2
"1424",2,4,4,2,2,2,4,2,2,1,1,4
"1425",2,3,3,4,4,2,4,1,1,1,1,5
"1426",2,2,2,4,4,1,5,1,1,5,2,2
"1427",2,4,4,3,2,3,4,2,2,1,2,2
"1428",2,3,3,2,2,2,4,2,2,1,2,4
"1429",1,4,4,5,3,1,5,1,2,1,1,4
"1430",2,4,4,3,2,2,4,2,1,5,3,1
"1431",2,3,4,2,2,2,4,2,2,2,4,6
"1432",2,4,4,4,4,2,4,2,2,5,4,1
"1433",2,4,4,4,3,2,4,1,2,4,2,2
"1434",1,3,2,4,5,1,5,1,1,1,3,2
"1435",1,5,4,5,3,1,5,1,2,5,3,1
"1436",2,4,4,5,5,1,5,2,2,1,3,2
"1437",2,4,4,5,2,2,4,2,2,4,4,3
"1438",3,4,3,4,3,3,3,2,2,1,0,6
"1439",2,4,4,5,4,2,5,1,1,5,3,1
"1440",2,4,3,4,3,2,4,2,1,1,1,4
"1441",4,2,2,3,3,2,3,1,1,1,1,5
"1442",2,4,4,4,4,2,5,2,1,9,3,1
"1443",1,4,4,4,2,2,5,2,2,2,0,6
"1444",2,1,1,2,4,1,4,1,1,1,1,4
"1445",2,4,2,4,5,4,4,4,2,1,3,2
"1446",1,4,4,4,2,2,5,1,1,5,2,2
"1447",2,2,2,3,3,2,4,1,1,5,1,4
"1448",4,2,2,4,2,2,5,1,2,1,3,3
"1449",2,2,2,2,2,2,4,2,1,1,3,3
"1450",4,2,2,2,2,4,3,2,1,1,0,6
"1451",2,3,2,2,2,2,4,2,1,1,2,2
"1452",1,4,4,5,5,1,5,1,2,4,3,4
"1453",3,2,2,2,2,3,3,2,2,1,1,6
"1454",2,4,4,2,2,2,4,2,1,5,1,2
"1455",2,2,2,2,2,2,2,1,2,2,0,6
"1456",1,4,4,5,5,1,5,1,2,4,2,3
"1457",2,2,4,2,2,2,4,2,1,1,1,3
"1458",1,3,3,4,3,1,4,1,1,1,1,6
"1459",2,3,3,2,2,3,4,2,2,1,1,5
"1460",1,4,4,5,4,1,5,1,1,1,1,6
"1461",2,4,3,2,2,3,4,2,2,1,2,2
"1462",2,2,2,4,2,3,4,2,1,5,3,1
"1463",2,4,3,4,3,2,4,1,2,1,0,5
"1464",2,4,4,3,4,2,5,1,2,1,2,2
"1465",2,2,2,4,2,3,5,1,2,5,3,1
"1466",2,4,4,4,2,2,4,2,2,1,1,4
"1467",4,4,2,3,4,2,4,1,1,1,3,2
"1468",2,3,2,4,5,1,5,2,2,3,3,4
"1469",3,2,4,4,4,2,4,1,1,1,1,4
"1470",2,2,3,4,9,4,3,2,1,1,3,3
"1471",2,4,4,4,2,2,4,1,1,1,5,3
"1472",3,3,3,4,3,2,3,1,2,5,3,1
"1473",4,3,3,3,2,2,3,1,1,5,5,5
"1474",3,3,3,2,2,2,4,1,2,5,5,4
"1475",2,2,2,3,4,3,4,1,1,5,4,1
"1476",4,2,3,2,4,4,4,4,1,1,4,6
"1477",4,4,4,4,1,1,3,1,2,5,3,6
"1478",2,4,4,4,3,4,4,1,2,5,4,1
"1479",4,2,3,3,4,2,4,1,2,1,3,2
"1480",2,4,4,4,4,4,2,1,1,5,4,1
"1481",4,2,2,2,4,3,2,1,1,1,1,5
"1482",4,2,2,4,2,3,4,1,2,1,3,1
"1483",2,2,3,2,3,2,3,1,1,5,2,1
"1484",2,3,3,2,2,2,4,1,2,1,2,1
"1485",2,2,4,2,4,2,4,1,2,1,2,3
"1486",2,4,3,2,3,2,2,1,1,1,0,6
"1487",2,2,2,2,2,2,2,1,1,5,1,3
"1488",4,2,2,2,2,2,2,1,2,1,1,4
"1489",2,3,2,2,3,4,2,1,2,2,1,6
"1490",1,4,4,4,4,1,4,1,1,5,5,2
"1491",2,2,4,2,2,2,4,1,2,5,3,1
"1492",4,4,3,2,2,2,2,1,1,2,1,6
"1493",2,4,4,4,4,2,2,1,2,2,1,6
"1494",1,4,4,4,2,2,4,1,2,5,5,2
"1495",2,2,2,4,4,2,4,1,1,4,3,5
"1496",2,4,4,4,4,2,4,1,1,5,5,2
"1497",2,2,2,4,4,2,4,1,1,5,4,1
"1498",2,2,3,3,3,2,3,1,1,5,2,2
"1499",4,3,4,3,3,2,2,1,2,3,1,3
"1500",1,2,2,4,5,2,5,1,2,1,2,2
"1501",3,4,3,4,4,2,2,2,2,5,0,6
"1502",2,4,3,4,2,2,2,1,1,1,0,6
"1503",4,2,2,3,4,2,2,2,2,1,1,5
"1504",2,4,2,4,2,2,4,2,2,1,2,2
"1505",2,4,4,4,4,2,5,2,1,1,5,4
"1506",2,2,3,4,4,2,3,1,1,5,2,2
"1507",4,2,2,4,2,4,2,4,1,1,2,6
"1508",2,4,2,2,2,4,4,2,2,1,2,2
"1509",2,4,4,4,3,4,5,2,2,1,2,3
"1510",3,4,3,4,4,2,4,1,1,1,2,3
"1511",1,2,4,4,3,3,5,1,1,5,3,1
"1512",4,2,3,4,4,2,4,2,1,5,3,2
"1513",2,3,4,4,4,2,4,2,2,1,2,5
"1514",2,3,4,4,9,9,4,1,1,1,0,6
"1515",2,4,4,4,4,2,4,2,1,5,3,2
"1516",9,9,9,9,9,9,9,2,2,1,1,4
"1517",2,3,3,9,9,1,4,1,2,3,1,5
"1518",2,4,4,9,4,2,4,2,1,5,2,1
"1519",2,4,4,5,5,1,4,1,2,1,3,2
"1520",2,2,2,9,9,2,9,2,2,2,0,6
"1521",4,3,2,2,4,2,4,1,2,1,2,3
"1522",2,3,3,9,9,9,3,9,1,5,1,3
"1523",2,4,4,9,4,2,4,1,1,1,3,2
"1524",2,2,2,3,3,2,2,2,1,4,1,4
"1525",1,3,4,4,5,2,5,1,2,5,3,2
"1526",3,9,3,9,4,2,3,1,2,1,2,3
"1527",9,9,9,9,9,9,2,2,2,2,0,6
"1528",2,3,2,2,9,9,2,1,1,1,0,5
"1529",2,4,2,2,4,2,4,2,1,1,5,4
"1530",1,4,3,4,5,2,5,2,2,5,2,1
"1531",4,2,2,2,4,9,4,2,1,1,0,6
"1532",1,2,4,2,5,2,3,1,2,4,2,3
"1533",2,4,4,5,5,2,5,1,2,5,4,1
"1534",2,2,4,2,2,2,4,1,1,5,2,1
"1535",9,9,2,5,2,2,5,2,1,5,3,1
"1536",4,2,2,9,2,4,4,1,2,1,0,6
"1537",2,4,4,5,5,1,5,1,2,5,3,2
"1538",2,2,4,4,4,1,4,1,1,1,3,3
"1539",1,2,3,2,2,3,4,2,1,3,2,5
"1540",2,4,2,4,4,1,4,1,1,5,4,2
"1541",5,2,2,5,4,1,5,2,2,4,2,5
"1542",2,4,4,4,3,2,4,1,2,5,4,3
"1543",4,2,2,2,5,2,5,1,2,2,0,6
"1544",4,4,2,4,5,1,5,1,2,1,3,3
"1545",2,4,4,4,4,2,5,2,1,5,3,1
"1546",2,2,4,2,4,2,5,2,2,1,2,5
"1547",4,2,9,2,2,2,4,2,1,1,0,6
"1548",2,4,4,4,4,2,5,1,2,5,4,2
"1549",2,2,2,4,4,4,5,1,1,1,5,4
"1550",2,2,2,4,4,2,5,1,1,4,3,3
"1551",2,4,2,5,4,2,4,2,2,1,2,4
"1552",2,5,4,4,1,4,4,1,1,1,3,2
"1553",4,2,2,4,2,2,4,1,2,5,2,1
"1554",4,2,2,2,4,4,2,1,2,2,1,6
"1555",2,9,4,4,2,1,4,2,1,5,2,5
"1556",2,2,4,2,4,1,4,2,2,1,9,2
"1557",2,2,2,2,4,1,4,2,1,5,2,2
"1558",2,4,2,2,2,2,4,2,1,5,2,1
"1559",2,2,2,2,2,1,2,2,2,1,0,5
"1560",4,4,4,5,4,2,5,2,1,1,4,2
"1561",2,1,4,2,2,2,5,2,1,1,2,3
"1562",2,4,1,2,3,1,4,1,2,5,1,1
"1563",4,2,2,2,2,2,2,2,2,5,2,3
"1564",4,2,2,2,2,2,2,2,1,1,1,6
"1565",2,4,2,2,4,2,5,2,1,1,3,1
"1566",4,4,4,4,4,2,4,2,2,1,2,2
"1567",2,3,3,3,2,3,4,2,1,5,2,1
"1568",2,2,2,2,2,2,4,2,1,1,3,5
"1569",4,2,2,3,2,4,1,2,2,2,1,6
"1570",3,4,2,4,4,2,4,2,2,1,2,3
"1571",5,4,2,4,4,2,2,2,2,5,1,1
"1572",2,2,2,4,2,2,2,2,2,1,1,5
"1573",2,4,2,4,4,2,4,2,2,1,2,3
"1574",4,2,2,2,2,4,1,2,2,2,0,6
"1575",4,3,2,2,2,2,4,2,1,1,3,3
"1576",1,5,4,5,4,2,5,2,2,5,2,2
"1577",2,2,2,2,2,2,2,2,1,1,1,6
"1578",2,4,4,2,2,2,4,2,1,1,1,4
"1579",4,2,2,2,2,2,4,2,1,1,1,6
"1580",1,5,5,5,5,1,5,1,2,1,4,2
"1581",2,4,4,4,4,2,4,2,2,1,2,3
"1582",2,4,2,2,2,2,2,2,2,1,1,5
"1583",2,4,4,3,2,3,2,2,2,2,5,6
"1584",2,4,4,4,2,1,5,2,2,5,3,4
"1585",4,1,1,2,1,4,9,2,1,1,3,6
"1586",4,2,4,4,4,2,4,2,1,1,2,3
"1587",3,4,3,9,9,2,4,2,1,5,3,4
"1588",2,4,2,4,4,1,5,1,1,1,2,2
"1589",1,5,5,3,3,2,5,1,1,1,3,1
"1590",3,3,2,3,3,4,4,2,2,1,1,4
"1591",4,4,4,2,1,1,5,1,1,1,1,3
"1592",3,2,2,2,1,2,2,1,2,1,0,6
"1593",1,2,2,5,2,1,5,1,2,1,1,2
"1594",1,5,2,2,2,2,4,1,2,5,1,1
"1595",2,1,4,5,2,2,5,1,2,5,5,2
"1596",1,9,5,9,4,2,5,1,1,5,2,1
"1597",4,1,1,4,4,2,5,1,1,1,5,4
"1598",5,2,2,9,2,2,2,1,1,1,3,5
"1599",2,4,4,3,4,2,5,1,2,1,3,2
"1600",2,3,9,2,9,9,3,2,1,1,3,4
"1601",2,2,2,2,9,2,3,2,1,1,1,5
"1602",9,2,2,3,4,2,4,9,2,2,1,6
"1603",2,9,9,4,4,2,4,2,2,5,3,1
"1604",2,9,4,4,9,2,4,2,1,5,4,1
"1605",1,2,2,2,2,2,3,1,2,1,3,4
"1606",2,2,2,3,2,2,2,9,1,1,4,6
"1607",2,9,9,4,5,2,4,1,2,1,5,2
"1608",4,2,2,4,4,2,4,1,2,1,1,6
"1609",2,2,2,2,4,1,4,2,1,1,2,4
"1610",2,2,2,2,9,9,2,3,1,1,1,6
"1611",2,4,4,4,4,2,4,1,1,1,3,3
"1612",1,4,2,4,4,1,5,2,2,1,3,3
"1613",2,2,9,4,9,2,4,3,2,1,1,5
"1614",1,4,4,4,4,1,4,2,1,1,3,2
"1615",4,2,2,4,9,2,4,1,2,1,2,4
"1616",2,2,2,4,4,2,4,2,1,1,1,6
"1617",2,4,4,2,2,1,5,1,1,5,5,3
"1618",4,2,2,9,4,1,5,1,2,1,2,2
"1619",2,4,4,4,4,2,5,1,1,5,5,2
"1620",2,4,4,2,2,2,2,1,2,1,1,6
"1621",2,4,2,4,4,2,4,1,1,5,2,1
"1622",2,4,4,5,4,2,5,1,2,5,4,1
"1623",4,2,2,2,2,2,2,2,1,2,1,5
"1624",4,2,2,2,2,2,2,2,2,1,1,6
"1625",4,4,2,4,4,2,4,1,1,5,4,2
"1626",4,2,2,3,2,2,3,1,2,1,1,5
"1627",2,3,2,3,2,2,2,1,2,1,1,6
"1628",2,2,2,2,9,2,2,9,1,1,1,4
"1629",2,2,2,2,4,2,2,2,1,5,2,3
"1630",2,4,4,4,4,1,4,1,2,1,2,3
"1631",4,2,2,2,4,2,4,1,2,1,2,2
"1632",2,9,2,2,2,2,4,1,2,1,2,4
"1633",4,2,1,1,4,2,9,2,2,2,1,6
"1634",1,2,4,4,5,1,5,1,2,1,3,4
"1635",1,3,2,4,5,1,5,1,2,5,3,2
"1636",2,2,2,2,2,4,2,2,1,1,1,6
"1637",1,3,4,9,2,1,4,1,2,1,3,5
"1638",2,4,4,4,4,1,4,1,1,5,2,3
"1639",2,2,2,3,2,4,2,2,1,2,1,5
"1640",1,3,3,4,3,2,4,1,1,5,2,4
"1641",1,4,4,9,3,2,4,2,1,5,4,1
"1642",4,4,4,4,4,1,4,3,2,5,4,1
"1643",2,4,4,3,4,2,4,3,1,1,2,3
"1644",1,3,4,4,4,1,4,4,2,1,2,4
"1645",1,4,4,4,3,2,4,4,1,1,2,2
"1646",1,4,4,4,4,4,4,3,1,1,1,5
"1647",2,3,4,4,2,2,4,2,1,5,1,6
"1648",1,2,3,3,3,2,2,3,2,2,1,6
"1649",1,4,4,4,4,1,4,3,2,1,3,3
"1650",2,3,3,3,3,3,4,3,1,5,2,1
"1651",2,3,3,3,3,3,4,3,2,1,2,2
"1652",2,3,3,2,3,4,4,3,1,5,4,2
"1653",2,3,3,2,3,3,4,3,2,5,3,1
"1654",2,3,4,2,3,3,2,2,2,2,0,6
"1655",2,3,3,2,3,3,4,3,2,4,1,5
"1656",3,2,3,3,3,4,4,3,1,1,2,3
"1657",3,2,3,3,3,1,2,3,2,1,0,6
"1658",3,4,3,3,4,3,4,3,2,1,0,5
"1659",2,3,4,3,2,3,3,2,2,1,1,3
"1660",2,3,3,3,2,3,2,3,1,1,2,3
"1661",2,2,3,2,3,3,2,2,1,5,0,5
"1662",2,3,3,3,2,3,3,2,1,1,2,2
"1663",2,3,3,3,2,3,4,3,2,1,3,2
"1664",2,3,3,4,3,4,3,3,1,1,1,5
"1665",2,2,2,3,2,4,2,3,1,5,1,5
"1666",2,4,3,2,3,1,3,3,1,5,2,2
"1667",2,3,2,2,3,3,2,3,2,2,0,6
"1668",2,4,3,4,2,2,4,3,2,1,2,4
"1669",2,4,3,2,2,3,4,3,1,1,1,3
"1670",2,4,3,3,9,3,4,3,2,1,2,2
"1671",2,3,4,3,2,2,3,3,2,2,0,5
"1672",2,3,3,2,3,4,2,3,1,1,1,4
"1673",3,3,3,3,4,2,3,3,2,1,0,5
"1674",3,4,3,3,3,3,3,3,2,5,3,1
"1675",2,3,4,4,3,2,3,3,2,2,0,6
"1676",3,4,3,3,2,3,4,2,1,1,3,4
"1677",3,2,3,3,4,3,4,3,1,5,2,2
"1678",2,3,3,2,3,4,4,3,1,1,1,5
"1679",3,4,2,3,4,1,5,2,1,5,2,2
"1680",4,4,2,3,2,4,1,2,2,2,0,6
"1681",4,4,3,2,4,1,2,2,1,5,2,1
"1682",4,2,2,2,2,2,2,2,2,1,0,2
"1683",2,4,3,2,2,2,2,2,1,1,0,3
"1684",2,3,3,2,2,2,4,2,2,5,0,1
"1685",2,4,3,4,4,2,5,1,2,1,3,3
"1686",4,4,4,2,4,3,5,2,2,1,2,2
"1687",4,2,3,9,9,2,4,2,1,5,4,1
"1688",4,2,2,2,2,2,2,2,2,2,0,6
"1689",4,3,4,4,4,2,5,2,1,4,1,5
"1690",4,3,2,3,2,2,4,2,1,5,1,3
"1691",2,4,3,2,2,4,5,1,1,1,2,2
"1692",2,3,3,2,2,2,2,2,2,1,1,6
"1693",4,3,4,4,3,2,4,2,2,5,2,2
"1694",4,2,3,2,1,2,2,2,2,2,0,5
"1695",4,2,2,2,2,2,4,2,2,3,4,4
"1696",4,2,2,2,2,2,3,2,1,1,0,3
"1697",5,2,2,2,2,2,1,2,1,1,0,6
"1698",2,4,3,9,4,2,4,9,1,1,0,4
"1699",2,4,4,4,4,2,4,2,2,5,2,1
"1700",4,2,2,2,4,4,2,2,2,1,0,4
"1701",4,2,2,3,2,2,2,2,1,1,0,4
"1702",4,2,2,2,2,2,4,2,1,5,4,2
"1703",4,2,2,2,3,2,5,1,2,1,2,3
"1704",4,2,4,4,2,4,4,2,1,5,2,1
"1705",2,3,2,4,3,1,4,2,2,1,2,2
"1706",2,3,2,2,2,2,2,4,1,1,3,3
"1707",3,2,2,4,2,2,2,2,2,2,0,6
"1708",4,3,4,4,4,2,5,2,2,1,2,3
"1709",4,4,3,2,4,2,4,2,2,5,3,1
"1710",4,3,2,2,9,2,4,2,1,5,5,3
"1711",2,2,2,2,2,2,4,1,1,5,2,1
"1712",4,2,2,9,2,4,4,2,1,5,0,6
"1713",2,2,4,2,4,4,4,2,1,5,2,2
"1714",2,4,4,3,2,1,4,2,2,5,4,2
"1715",4,2,2,3,2,3,4,2,2,2,0,6
"1716",2,2,2,4,3,2,4,2,2,1,1,4
"1717",4,4,4,2,2,4,4,2,2,1,2,2
"1718",4,3,2,3,2,2,3,2,2,1,2,3
"1719",4,2,2,4,2,2,3,2,1,1,0,5
"1720",2,4,2,4,4,2,4,2,1,1,2,2
"1721",2,5,5,2,2,2,4,1,1,1,2,3
"1722",5,2,2,2,2,2,2,2,1,1,3,3
"1723",4,2,2,2,2,2,3,1,2,1,2,4
"1724",2,4,4,4,4,2,5,1,2,5,2,1
"1725",2,2,1,4,4,1,5,1,2,1,2,2
"1726",4,2,2,2,3,2,3,2,1,9,0,6
"1727",4,2,2,2,3,2,5,1,2,1,3,3
"1728",2,2,2,2,2,2,4,1,1,5,2,1
"1729",2,2,4,2,2,2,3,1,1,5,3,2
"1730",4,2,2,2,3,3,2,1,1,1,1,4
"1731",2,9,2,3,2,3,2,2,1,1,0,6
"1732",4,2,2,3,2,3,3,2,2,1,3,4
"1733",1,3,2,5,2,2,5,1,2,3,5,3
"1734",1,2,2,2,2,4,4,1,1,5,3,1
"1735",4,2,2,2,4,2,5,1,2,5,2,1
"1736",4,2,2,3,2,2,2,1,2,4,0,6
"1737",1,4,4,4,5,1,5,1,2,1,3,3
"1738",2,4,4,2,2,2,2,2,2,1,0,6
"1739",5,2,1,1,1,1,1,2,1,1,2,6
"1740",1,4,4,3,3,2,5,1,2,3,5,2
"1741",1,4,4,3,4,2,5,2,1,5,3,1
"1742",1,5,5,5,5,1,4,1,2,5,2,1
"1743",2,4,2,4,2,4,5,1,1,5,4,2
"1744",2,4,2,2,4,2,4,1,2,4,0,6
"1745",2,4,4,4,2,4,4,2,1,1,3,4
"1746",4,2,2,4,4,4,4,2,1,5,3,1
"1747",2,2,4,4,2,2,2,2,2,1,1,4
"1748",1,2,4,5,5,1,5,1,2,5,2,2
"1749",2,2,2,2,2,4,1,2,1,1,2,6
"1750",4,2,2,3,4,3,3,1,2,1,1,3
"1751",2,2,3,2,3,4,2,3,2,2,0,6
"1752",1,3,4,3,4,2,4,2,1,1,1,4
"1753",2,2,2,3,9,2,3,2,1,5,2,3
"1754",2,2,4,4,4,4,3,1,1,5,1,5
"1755",2,4,4,4,3,3,3,1,1,5,2,1
"1756",4,2,2,2,2,2,2,1,2,2,0,6
"1757",2,4,4,4,4,2,4,1,2,1,2,4
"1758",2,4,4,4,4,2,5,1,2,1,3,2
"1759",2,4,4,3,3,2,4,1,1,5,2,2
"1760",1,5,2,5,3,1,5,1,2,5,4,3
"1761",2,2,2,4,2,2,4,2,2,1,3,2
"1762",4,2,2,2,2,2,2,2,2,1,0,5
"1763",4,1,1,3,4,1,4,9,2,1,1,6
"1764",9,4,3,2,2,3,2,2,1,5,1,2
"1765",2,4,2,2,4,2,4,2,1,5,2,1
"1766",4,2,2,4,4,2,2,2,2,1,1,6
"1767",4,2,2,9,2,4,2,4,1,1,1,5
"1768",4,2,2,9,2,4,4,2,1,1,1,3
"1769",4,2,2,2,2,4,2,4,1,1,0,6
"1770",1,2,4,2,5,1,5,1,1,5,4,1
"1771",1,4,5,5,4,1,5,1,1,5,3,3
"1772",2,4,4,5,5,1,5,1,2,5,4,1
"1773",2,4,4,4,4,2,4,1,1,5,4,3
"1774",2,4,4,5,5,1,5,1,2,1,2,3
"1775",2,4,4,4,4,4,4,1,2,1,1,6
"1776",2,4,4,4,4,2,4,1,2,1,1,6
"1777",4,2,2,4,4,1,4,1,2,1,2,4
"1778",4,2,2,3,2,2,2,1,2,2,1,5
"1779",2,2,2,3,3,2,2,2,1,1,0,6
"1780",2,2,4,4,4,1,2,1,2,1,1,3
"1781",2,4,5,4,4,1,3,2,2,1,1,4
"1782",1,4,4,3,5,2,4,1,2,1,5,2
"1783",4,2,4,1,4,2,2,1,1,1,1,2
"1784",4,2,2,4,5,2,2,1,1,5,2,1
"1785",2,4,2,1,2,2,4,1,1,1,1,4
"1786",1,2,4,5,2,1,2,9,2,1,1,2
"1787",3,3,2,2,2,3,1,2,2,1,2,3
"1788",1,2,1,2,2,1,2,1,1,1,2,4
"1789",1,1,2,2,2,1,2,1,1,1,1,6
"1790",1,2,1,2,1,2,2,1,2,5,1,2
"1791",4,2,2,4,5,1,4,1,1,5,3,2
"1792",1,2,1,2,1,1,9,1,2,1,0,6
"1793",1,2,1,2,2,1,2,1,2,5,2,1
"1794",1,2,2,2,4,2,4,1,1,5,4,1
"1795",1,4,2,4,4,2,2,1,2,1,1,5
"1796",2,2,2,2,2,4,2,2,1,4,1,5
"1797",4,2,2,2,3,3,2,2,2,1,1,6
"1798",3,3,2,2,2,2,3,2,1,1,1,6
"1799",2,2,4,1,2,2,4,1,2,5,3,3
"1800",2,2,2,2,2,2,4,2,1,4,2,3
"1801",2,4,2,4,4,3,4,2,1,1,3,3
"1802",2,3,3,3,2,1,3,2,1,1,2,5
"1803",2,2,2,2,2,2,3,2,2,1,1,6
"1804",2,2,2,3,3,2,3,2,2,1,1,6
"1805",3,2,2,1,1,3,2,2,2,2,1,6
"1806",2,3,3,2,2,2,3,2,2,1,1,4
"1807",3,2,3,2,3,1,4,4,1,1,1,4
"1808",1,2,3,2,2,3,3,2,1,5,3,3
"1809",2,2,3,3,4,2,4,2,2,5,2,1
"1810",3,2,2,2,2,9,2,3,2,2,0,6
"1811",2,2,2,2,2,2,4,2,2,1,2,4
"1812",3,2,2,2,2,2,4,2,1,5,3,2
"1813",5,1,1,1,1,4,2,2,1,1,0,6
"1814",3,3,1,2,2,2,4,2,1,1,1,4
"1815",2,3,3,2,3,2,4,2,2,5,2,1
"1816",3,3,2,2,3,1,3,2,1,5,2,1
"1817",1,4,4,3,4,2,4,2,2,2,1,6
"1818",1,4,4,2,4,2,4,1,2,1,2,3
"1819",4,2,2,4,4,2,2,1,1,5,2,1
"1820",4,4,2,3,2,4,4,1,1,1,1,5
"1821",3,2,2,4,4,2,4,2,1,1,3,3
"1822",2,4,2,4,4,2,4,2,2,1,2,2
"1823",2,4,2,4,4,2,4,2,1,5,3,1
"1824",4,2,2,4,4,2,4,2,2,5,2,1
"1825",2,2,2,2,4,2,4,2,2,1,0,6
"1826",3,2,2,2,4,2,4,2,1,1,2,6
"1827",2,2,2,2,4,2,2,2,2,1,1,4
"1828",2,2,2,2,4,2,4,2,1,5,2,2
"1829",4,2,2,2,4,2,2,2,2,1,2,2
"1830",2,2,2,2,2,2,4,2,2,1,2,3
"1831",2,2,2,2,4,2,2,2,1,1,2,4
"1832",2,2,2,2,2,2,2,2,1,1,1,3
"1833",2,2,2,2,4,2,2,2,2,1,0,6
"1834",2,2,2,2,2,2,4,2,2,1,2,3
"1835",2,2,2,2,2,2,2,2,1,1,0,6
"1836",2,2,2,2,2,2,4,2,1,1,2,2
"1837",2,4,2,2,4,2,4,2,2,1,1,2
"1838",1,4,4,2,4,2,2,2,1,1,2,3
"1839",2,2,2,2,4,2,4,2,2,1,0,6
"1840",2,2,2,2,2,2,4,2,2,5,2,1
"1841",2,4,2,2,4,2,4,2,2,1,0,5
"1842",2,2,2,2,4,2,4,2,1,5,2,1
"1843",4,2,2,2,4,2,2,2,1,1,2,2
"1844",2,5,5,5,3,2,5,1,1,1,4,5
"1845",1,5,4,5,5,1,5,1,2,5,5,2
"1846",1,2,4,4,5,1,5,1,1,5,4,1
"1847",5,1,1,9,5,1,4,1,1,5,3,1
"1848",4,5,4,5,1,1,5,1,2,1,3,5
"1849",4,1,2,5,5,1,5,1,1,5,3,3
"1850",2,4,4,4,2,4,5,1,2,5,4,2
"1851",3,4,4,5,5,1,5,1,2,5,2,1
"1852",5,2,3,9,5,1,5,1,1,1,0,6
"1853",2,4,4,5,4,2,5,1,2,1,9,4
"1854",4,4,4,4,4,4,2,2,1,5,3,2
"1855",4,2,2,4,4,2,4,2,2,1,2,2
"1856",2,4,3,4,2,2,4,2,2,5,1,1
"1857",2,2,2,2,2,2,3,2,2,1,0,5
"1858",2,4,4,4,4,2,4,2,1,5,2,1
"1859",2,3,3,2,4,2,4,2,1,1,1,6
"1860",2,4,3,4,4,2,5,2,2,1,4,3
"1861",2,3,3,4,4,4,2,2,1,3,2,2
"1862",2,4,3,3,4,1,5,2,2,1,1,6
"1863",2,2,2,2,3,2,2,2,1,5,1,5
"1864",2,3,2,4,2,1,2,2,2,5,3,1
"1865",2,4,4,4,4,4,4,2,2,1,3,2
"1866",2,4,4,4,4,2,4,2,1,4,3,2
"1867",2,4,2,2,4,2,2,2,2,1,1,5
"1868",2,3,2,2,2,3,4,1,1,5,3,1
"1869",2,2,2,2,2,2,4,2,1,1,1,5
"1870",2,4,3,4,4,2,4,2,1,1,0,4
"1871",2,3,4,2,2,2,4,2,2,1,0,6
"1872",4,3,2,2,5,2,5,2,1,5,3,2
"1873",4,2,2,2,4,4,4,2,2,4,0,3
"1874",1,5,3,5,1,1,5,1,2,1,2,2
"1875",4,2,2,2,5,3,3,1,2,1,2,3
"1876",5,5,5,5,9,1,5,1,1,1,4,3
"1877",4,4,4,5,3,2,5,1,1,1,3,2
"1878",4,4,2,4,5,1,5,1,2,5,2,1
"1879",5,2,2,5,4,1,3,1,2,1,0,6
"1880",2,4,4,2,9,2,5,1,1,5,3,1
"1881",5,1,1,2,4,2,2,1,1,1,1,6
"1882",4,2,4,4,4,2,2,1,2,1,2,4
"1883",1,2,1,1,2,1,2,2,1,5,2,2
"1884",1,2,1,2,2,2,1,2,2,5,2,2
"1885",1,2,1,2,2,1,2,2,2,4,5,2
"1886",1,2,1,1,1,2,1,1,1,5,2,3
"1887",2,2,2,2,4,1,4,2,2,1,2,4
"1888",1,2,1,1,1,2,2,2,2,1,0,5
"1889",1,1,2,2,1,1,1,1,1,1,0,4
"1890",1,2,2,2,1,2,2,2,1,2,0,5
"1891",1,2,1,2,2,2,2,2,2,2,0,6
"1892",1,5,5,5,1,1,5,1,2,5,4,3
"1893",4,2,2,4,4,1,5,2,2,1,2,1
"1894",5,2,4,4,2,1,4,1,1,3,3,2
"1895",2,4,2,2,2,2,2,1,2,1,0,6
"1896",4,4,4,4,4,1,4,1,1,1,2,3
"1897",2,2,4,4,3,1,4,1,2,5,1,4
"1898",4,2,2,2,2,2,4,1,1,5,2,3
"1899",4,4,4,4,4,1,4,1,2,1,2,4
"1900",4,4,4,4,2,2,4,1,1,1,2,4
"1901",2,4,4,4,2,2,2,2,1,1,1,5
"1902",2,2,2,2,2,1,2,1,2,1,1,6
"1903",2,4,2,4,4,1,5,1,1,5,5,1
"1904",4,2,2,5,5,1,5,1,2,1,4,2
"1905",1,2,2,2,2,2,2,2,2,2,0,6
"1906",1,2,2,2,2,2,3,2,1,1,3,3
"1907",2,2,2,2,1,2,2,2,2,2,0,5
"1908",1,2,2,2,3,2,2,3,1,2,0,6
"1909",1,2,2,2,3,2,2,2,2,1,3,3
"1910",1,3,2,2,2,3,4,2,1,5,3,2
"1911",1,3,2,2,2,3,4,2,1,5,3,1
"1912",1,2,2,2,2,3,3,2,2,5,2,2
"1913",1,1,2,2,2,1,1,1,2,2,0,4
"1914",1,2,2,1,1,1,1,1,1,1,0,4
"1915",3,4,2,2,4,4,4,2,2,5,2,1
"1916",2,3,2,2,4,2,4,2,1,1,0,6
"1917",2,4,4,4,5,2,4,1,2,1,1,2
"1918",2,2,2,9,4,2,4,1,1,5,1,3
"1919",2,4,4,4,4,1,1,1,2,1,1,4
"1920",4,2,2,2,4,2,4,2,1,5,2,1
"1921",4,2,2,2,2,1,2,2,2,1,0,6
"1922",4,2,2,4,4,2,4,1,1,1,3,2
"1923",4,4,2,4,4,2,4,2,2,1,4,2
"1924",2,2,2,2,2,2,2,2,1,1,0,5
"1925",4,2,2,2,2,2,2,2,1,1,4,3
"1926",2,4,4,9,4,1,4,1,1,9,2,2
"1927",4,4,2,4,4,2,3,2,1,1,3,5
"1928",4,2,4,4,4,2,4,2,1,5,2,1
"1929",2,4,4,4,5,1,5,1,2,5,4,1
"1930",2,4,4,4,4,2,4,2,2,5,5,2
"1931",2,2,4,4,4,1,4,2,2,1,3,3
"1932",4,2,2,2,4,2,4,2,2,2,0,5
"1933",2,2,2,2,4,2,2,1,2,1,1,3
"1934",2,4,4,3,2,3,4,2,2,1,5,2
"1935",2,4,9,2,3,3,4,2,1,1,3,2
"1936",3,2,5,2,2,2,3,1,1,4,4,3
"1937",4,2,2,2,2,3,2,2,1,2,1,6
"1938",2,4,4,2,3,2,4,2,2,3,3,3
"1939",2,4,4,9,4,2,4,2,1,5,2,1
"1940",2,4,3,3,3,2,3,1,2,5,4,1
"1941",2,2,3,3,2,2,4,2,2,2,1,6
"1942",2,2,3,2,2,2,2,2,1,1,1,5
"1943",9,2,2,2,2,2,2,2,2,2,1,6
"1944",9,3,2,9,2,2,9,2,1,5,2,5
"1945",2,2,3,4,4,2,4,2,1,5,3,2
"1946",3,2,4,4,2,2,4,2,1,1,3,3
"1947",4,2,2,4,2,2,4,2,2,1,3,3
"1948",4,2,2,4,4,2,4,2,2,1,1,4
"1949",2,4,4,4,9,4,5,2,2,1,5,2
"1950",2,4,3,2,2,2,4,2,2,1,1,5
"1951",4,4,3,3,2,2,4,1,2,5,5,1
"1952",2,2,2,2,4,4,2,2,1,2,0,6
"1953",3,4,2,4,1,2,1,2,2,1,0,4
"1954",2,4,2,3,2,3,4,2,1,1,2,2
"1955",2,4,2,4,2,4,1,1,2,2,0,6
"1956",4,2,2,2,2,4,2,2,1,5,5,2
"1957",4,2,3,9,4,1,4,2,1,5,3,1
"1958",2,4,2,2,2,4,4,2,2,5,1,6
"1959",4,3,4,4,4,2,5,2,2,1,4,4
"1960",2,4,3,2,4,2,4,2,2,5,3,1
"1961",4,2,2,2,4,2,4,2,1,5,3,3
"1962",2,2,2,2,4,2,5,2,2,1,0,6
"1963",1,3,2,4,2,2,4,1,2,1,2,4
"1964",2,2,2,2,4,2,3,1,2,1,1,3
"1965",2,4,4,4,2,2,4,2,1,5,4,3
"1966",4,4,3,4,4,2,5,1,2,1,4,2
"1967",4,2,3,9,2,2,3,2,1,1,1,5
"1968",2,2,4,4,2,2,4,2,1,1,3,4
"1969",2,9,4,2,2,2,2,2,1,2,1,6
"1970",2,4,4,4,2,2,4,2,2,2,1,6
"1971",4,2,2,2,3,2,4,1,2,1,1,4
"1972",2,4,2,4,4,2,5,2,2,1,5,4
"1973",4,2,2,2,2,3,3,2,1,2,1,4
"1974",2,2,4,4,3,2,4,2,1,1,3,3
"1975",2,9,4,4,4,2,4,2,2,1,1,3
"1976",2,1,2,4,2,2,4,1,1,1,3,2
"1977",4,4,2,4,4,2,5,2,1,1,2,4
"1978",1,1,2,4,4,2,2,2,1,1,1,6
"1979",2,4,2,4,3,1,2,1,2,1,1,6
"1980",2,2,2,3,2,2,3,2,1,1,1,4
"1981",2,4,4,3,4,2,4,2,2,1,2,5
"1982",2,4,2,2,2,2,4,1,1,1,5,3
"1983",2,4,4,2,2,2,4,2,2,1,3,3
"1984",2,4,4,4,4,2,5,1,2,5,5,2
"1985",2,3,4,4,4,2,5,2,1,5,5,1
"1986",4,2,3,3,2,2,4,2,1,1,2,4
"1987",4,2,4,3,3,2,4,1,2,5,4,2
"1988",2,4,2,2,2,2,4,1,2,1,1,6
"1989",1,4,2,3,3,2,4,1,2,1,5,5
"1990",2,4,4,3,4,2,4,1,2,1,3,4
"1991",4,2,3,2,2,2,4,1,1,1,2,5
"1992",2,4,4,4,3,2,4,2,2,1,5,2
"1993",2,4,4,4,4,2,4,2,1,1,1,6
"1994",2,2,3,4,2,1,4,2,2,1,1,6
"1995",2,4,2,2,2,2,4,1,1,5,5,2
"1996",2,4,4,4,3,2,4,2,1,1,5,3
"1997",1,9,2,4,2,4,4,2,2,2,3,5
"1998",1,4,4,4,4,1,5,2,1,1,5,4
"1999",2,4,4,4,2,2,4,2,2,1,3,3
"2000",2,4,4,4,3,2,4,2,1,1,4,2
"2001",4,2,3,4,3,1,5,1,1,1,3,2
"2002",1,2,4,4,4,2,5,2,1,1,2,3
"2003",2,4,2,5,5,2,5,2,2,2,1,4
"2004",1,4,4,4,4,2,5,1,2,5,4,1
"2005",1,2,2,4,2,2,4,1,2,1,2,3
"2006",2,4,4,4,2,2,4,2,1,5,4,2
"2007",2,2,2,9,2,4,4,2,1,1,1,5
"2008",4,2,2,2,2,3,2,9,2,1,1,6
"2009",4,2,2,2,9,2,3,2,1,1,2,5
"2010",2,4,2,5,4,2,4,9,2,1,3,4
"2011",1,2,3,4,3,2,5,2,1,5,1,4
"2012",2,2,4,4,9,2,5,2,1,1,1,6
"2013",1,4,9,5,4,1,5,2,2,1,2,5
"2014",1,4,4,4,2,2,4,2,2,1,1,6
"2015",3,2,3,4,4,2,4,2,2,4,3,3
"2016",4,9,2,9,4,2,5,2,1,5,3,2
"2017",2,2,4,4,4,2,4,2,2,1,2,2
"2018",4,2,2,9,4,2,4,1,1,1,2,4
"2019",4,2,2,2,4,2,4,2,1,1,1,6
"2020",2,4,2,4,4,1,4,1,2,1,2,3
"2021",2,2,2,2,2,4,2,1,2,1,0,5
"2022",4,2,2,4,4,2,3,4,1,1,2,4
"2023",2,4,4,2,2,2,4,1,2,1,2,2
"2024",1,4,5,2,2,4,4,1,1,5,2,2
"2025",2,2,2,2,2,2,2,1,1,5,1,3
"2026",1,2,4,4,1,2,5,1,1,5,2,1
"2027",4,3,2,2,4,2,4,1,1,5,5,2
"2028",2,4,4,4,4,1,5,1,2,1,1,4
"2029",2,4,4,4,3,1,5,1,1,1,1,3
"2030",1,2,4,2,4,2,4,2,1,1,1,6
"2031",1,2,2,2,2,2,5,1,2,5,2,1
"2032",4,1,1,2,4,4,5,1,1,5,2,2
"2033",4,2,2,3,4,4,4,1,2,1,3,1
"2034",1,4,4,4,1,1,4,2,2,1,0,5
"2035",5,1,1,2,1,2,4,4,2,1,1,5
"2036",4,1,2,1,1,2,4,4,2,2,0,6
"2037",2,2,4,4,2,2,4,1,2,1,0,6
"2038",1,2,2,2,2,2,4,1,2,5,2,2
"2039",2,2,2,2,1,1,1,4,1,1,0,6
"2040",1,5,5,5,1,1,4,1,1,5,2,1
"2041",4,2,2,1,3,2,2,1,1,1,0,4
"2042",1,5,5,5,5,1,4,2,2,2,0,6
"2043",1,5,5,5,5,1,5,1,1,1,2,3
"2044",5,4,2,5,4,1,3,2,2,1,2,3
"2045",1,2,4,2,5,2,4,1,1,5,4,2
"2046",4,2,4,2,2,2,4,1,1,1,3,4
"2047",5,1,1,1,4,2,1,1,1,1,1,6
"2048",1,2,4,2,4,2,5,1,2,1,2,3
"2049",4,2,3,4,4,4,4,1,2,1,1,3
"2050",2,2,4,4,2,2,4,1,2,5,2,2
"2051",2,4,2,2,2,2,4,2,1,5,2,2
"2052",2,2,2,2,2,4,3,9,1,1,0,6
"2053",2,1,9,2,2,1,4,9,2,1,0,6
"2054",2,4,4,4,4,2,4,1,1,1,4,3
"2055",4,4,2,4,2,4,4,2,2,1,3,3
"2056",3,2,2,4,2,4,4,1,2,2,0,4
"2057",4,1,1,2,1,4,2,1,1,1,2,5
"2058",2,4,9,4,4,3,4,2,1,5,5,2
"2059",4,4,4,4,3,2,5,1,2,5,5,1
"2060",9,2,2,2,4,1,4,1,1,1,1,4
"2061",4,3,2,4,2,2,2,2,2,3,2,4
"2062",4,1,2,2,1,3,3,2,1,1,1,6
"2063",4,2,2,2,2,3,2,2,2,1,0,6
"2064",4,5,2,2,2,4,2,2,1,5,2,1
"2065",4,2,3,2,1,4,2,1,2,4,2,2
"2066",4,2,2,3,4,1,4,1,2,1,3,3
"2067",4,2,2,2,3,2,4,2,2,5,3,1
"2068",2,1,2,3,2,2,4,2,2,2,0,6
"2069",9,2,2,9,9,4,4,2,1,1,2,3
"2070",4,1,2,2,2,2,3,1,1,1,3,5
"2071",2,2,4,2,2,1,1,1,1,5,0,5
"2072",1,4,4,2,2,1,4,2,2,1,2,4
"2073",2,2,2,2,2,1,1,2,1,1,0,5
"2074",5,2,4,3,2,1,4,2,1,5,1,2
"2075",1,4,5,4,4,3,5,1,2,1,3,3
"2076",5,4,1,1,1,1,4,2,2,5,3,1
"2077",4,2,2,3,2,2,4,1,1,1,1,3
"2078",2,2,1,3,3,2,3,2,1,1,0,6
"2079",2,4,2,4,4,2,4,1,1,1,2,2
"2080",2,4,4,1,2,2,5,1,2,5,4,1
"2081",2,4,4,2,2,2,4,1,2,1,0,6
"2082",4,4,2,4,2,1,4,1,2,1,1,4
"2083",2,2,2,2,2,2,4,1,1,1,0,6
"2084",2,4,3,4,3,2,4,1,1,1,5,4
"2085",2,2,4,4,5,1,5,1,2,5,3,1
"2086",1,2,3,5,5,1,5,1,1,1,5,3
"2087",2,4,4,4,4,4,4,1,2,5,5,2
"2088",1,2,2,2,2,3,4,1,1,5,3,1
"2089",2,2,4,2,2,2,4,1,2,1,1,4
"2090",2,2,4,2,4,3,4,2,1,1,1,5
"2091",2,4,4,2,4,2,4,1,2,4,1,4
"2092",2,4,4,3,2,2,4,9,1,5,1,1
"2093",2,2,2,2,2,2,4,1,2,1,0,6
"2094",4,2,2,4,4,1,4,2,1,1,0,6
"2095",2,2,2,2,2,4,4,1,1,1,2,2
"2096",4,2,2,3,4,1,4,1,2,1,4,3
"2097",4,4,4,5,5,1,5,1,2,4,3,2
"2098",2,3,2,2,5,4,4,1,2,1,4,3
"2099",1,5,4,4,5,1,5,1,2,5,3,2
"2100",2,2,9,2,2,2,1,1,2,2,0,6
"2101",2,2,2,3,4,2,2,1,2,1,0,5
"2102",3,3,3,5,5,1,3,2,1,1,5,3
"2103",3,5,4,4,4,1,4,2,1,4,5,4
"2104",3,9,2,2,2,2,4,1,1,1,5,6
"2105",4,2,2,4,2,2,2,2,2,1,4,5
"2106",1,5,4,5,5,1,5,1,2,5,5,4
"2107",9,2,2,4,4,2,5,1,2,1,4,3
"2108",4,4,4,4,1,1,4,2,1,5,4,2
"2109",2,4,4,4,2,2,4,2,1,1,2,5
"2110",4,2,2,3,2,4,2,1,1,1,2,6
"2111",2,4,4,4,4,2,4,2,2,5,3,2
"2112",2,4,2,4,4,2,4,1,2,1,3,6
"2113",2,2,2,2,4,1,4,2,2,1,1,5
"2114",2,2,4,2,2,2,5,1,2,5,4,1
"2115",4,2,1,1,9,2,4,1,1,1,1,4
"2116",3,2,2,2,4,2,4,1,1,5,3,3
"2117",3,2,2,2,4,2,4,1,2,1,2,3
"2118",4,2,2,2,4,3,4,1,2,1,1,3
"2119",1,2,2,3,5,1,5,1,1,1,2,2
"2120",4,9,1,4,9,3,4,2,1,1,1,5
"2121",4,2,2,4,4,1,5,1,2,1,3,2
"2122",2,4,4,4,5,1,5,2,1,5,4,2
"2123",9,3,3,4,5,1,5,2,2,5,4,1
"2124",4,2,1,3,4,2,3,2,2,5,1,5
"2125",2,3,4,4,5,2,4,1,1,5,5,4
"2126",2,2,2,2,5,1,3,1,2,1,1,4
"2127",1,4,2,4,9,1,5,1,1,5,4,1
"2128",4,1,1,2,9,3,5,1,2,1,2,3
"2129",5,4,4,2,2,4,4,1,2,1,2,1
"2130",1,5,5,5,5,2,5,1,1,1,5,2
"2131",4,5,5,4,3,2,5,2,1,5,2,1
"2132",2,2,4,2,4,2,3,1,2,1,2,2
"2133",4,4,4,3,4,1,5,1,1,1,5,3
"2134",5,1,2,2,4,2,9,9,2,2,0,6
"2135",4,2,2,4,4,2,4,2,1,1,1,5
"2136",4,2,1,2,1,1,2,1,2,1,0,6
"2137",4,2,1,1,4,1,4,1,1,1,2,5
"2138",4,2,2,2,3,2,9,2,2,5,2,1
"2139",2,4,2,4,4,2,4,2,1,1,2,2
"2140",2,2,1,1,2,2,2,1,1,5,3,1
"2141",4,4,4,4,2,2,5,1,2,1,1,4
"2142",5,2,4,2,4,4,5,1,2,1,1,3
"2143",1,5,4,5,5,1,5,2,2,1,3,2
"2144",3,5,2,4,3,2,4,2,1,1,2,3
"2145",4,2,2,2,1,2,2,2,2,2,0,6
"2146",2,2,4,4,4,2,4,1,1,1,2,3
"2147",2,3,9,4,2,4,4,2,1,1,2,3
"2148",4,2,1,2,4,2,2,1,1,1,4,6
"2149",4,4,2,2,4,2,4,1,2,1,1,3
"2150",2,4,2,4,4,2,4,1,2,1,4,6
"2151",2,2,2,2,2,2,2,1,1,1,2,5
"2152",2,4,2,3,2,2,4,1,1,1,1,4
"2153",4,3,2,4,4,2,5,2,2,1,1,5
"2154",4,2,2,4,4,2,4,1,1,1,1,5
"2155",2,2,2,2,2,2,2,1,2,1,0,6
"2156",2,4,2,2,2,2,4,2,2,1,1,5
"2157",4,2,2,2,4,2,4,2,1,1,1,4
"2158",1,5,1,4,5,1,5,1,2,5,4,3
"2159",2,5,1,5,5,5,5,1,2,1,5,3
"2160",1,2,5,5,5,1,4,1,2,1,5,4
"2161",1,5,4,5,5,1,5,1,1,1,5,4
"2162",2,5,1,1,2,5,5,1,1,5,4,2
"2163",2,1,1,5,2,1,5,1,2,1,4,6
"2164",1,1,1,3,5,1,5,3,2,5,3,2
"2165",1,5,5,5,5,1,5,1,2,3,5,4
"2166",5,1,1,1,1,1,1,1,1,1,1,6
"2167",1,3,4,5,5,3,5,1,2,5,2,1
"2168",4,1,2,4,1,1,5,1,1,1,5,4
"2169",4,3,2,3,2,2,4,1,1,5,5,1
"2170",1,3,2,2,2,2,2,1,2,1,0,6
"2171",4,2,2,2,4,1,2,1,1,1,3,6
"2172",1,5,5,5,5,1,5,1,2,5,4,2
"2173",1,4,3,4,4,1,4,1,1,1,3,4
"2174",2,3,4,3,2,2,5,1,1,5,3,1
"2175",1,4,2,5,4,1,5,1,2,3,5,4
"2176",1,4,4,4,5,1,5,1,2,1,3,4
"2177",1,4,4,3,5,1,4,1,2,3,3,5
"2178",2,2,3,4,4,1,4,1,1,1,4,5
"2179",2,3,4,4,4,2,5,1,1,5,5,2
"2180",3,2,1,4,2,1,5,1,2,1,3,2
"2181",4,2,2,5,2,1,4,1,2,5,5,1
"2182",2,2,3,3,3,2,3,1,1,1,1,5
"2183",4,1,1,2,4,1,4,1,2,4,1,4
"2184",4,2,2,4,4,1,2,1,1,1,3,5
"2185",1,2,2,2,4,1,3,1,2,1,4,6
"2186",4,2,2,2,2,2,4,2,2,1,1,4
"2187",2,2,2,4,4,2,5,1,2,1,3,3
"2188",2,2,2,2,4,2,2,1,1,1,9,3
"2189",2,3,3,3,3,2,2,2,2,2,0,6
"2190",2,2,4,4,4,1,2,2,1,1,1,6
"2191",2,4,4,4,4,2,4,1,1,1,2,3
"2192",5,1,1,5,5,1,5,1,1,3,5,4
"2193",1,5,5,5,5,3,5,1,2,5,4,1
"2194",1,3,3,2,5,2,5,1,2,1,1,6
"2195",1,5,5,5,2,1,5,1,2,5,5,2
"2196",5,1,1,5,5,5,1,1,2,1,1,5
"2197",5,1,1,5,1,1,5,1,1,5,3,1
"2198",4,5,5,5,2,5,5,1,1,1,4,2
"2199",5,1,1,1,5,1,5,1,2,1,1,5
"2200",1,5,1,1,1,1,5,1,2,1,0,6
"2201",2,1,1,5,5,1,5,1,2,5,2,1
"2202",1,5,2,9,1,1,5,1,1,1,2,3
"2203",1,2,5,5,1,1,5,1,1,1,2,4
"2204",1,5,5,5,1,1,5,1,2,5,2,2
"2205",5,1,1,4,1,4,1,1,1,5,1,1
"2206",5,1,1,2,5,5,5,1,1,1,3,3
"2207",1,5,1,1,1,1,1,1,1,5,2,4
"2208",2,4,2,2,4,1,5,2,1,1,4,2
"2209",1,5,1,1,5,1,5,1,2,4,3,3
"2210",1,1,1,1,5,1,5,1,2,1,5,2
"2211",3,3,2,2,5,1,5,1,2,1,1,5
"2212",1,5,2,5,1,2,5,1,2,3,2,4
"2213",1,5,2,5,5,2,5,2,2,1,2,3
"2214",2,2,2,2,4,2,2,2,1,5,3,2
"2215",9,2,9,9,9,2,4,9,2,2,0,6
"2216",2,3,4,2,4,2,4,2,2,5,4,1
"2217",1,4,4,4,1,4,4,2,1,5,3,1
"2218",2,2,2,4,4,2,5,2,1,1,3,3
"2219",2,4,4,4,4,2,5,2,1,1,3,2
"2220",4,2,2,2,3,2,4,2,2,4,1,3
"2221",3,2,2,9,9,2,4,2,1,1,2,4
"2222",1,4,4,2,1,1,4,1,1,5,3,1
"2223",2,2,4,4,2,4,4,2,2,5,3,1
"2224",4,2,2,4,4,2,5,2,2,5,3,2
"2225",2,4,2,2,1,2,1,9,2,2,1,6
"2226",2,2,2,4,2,2,4,2,2,1,3,4
"2227",1,5,4,4,3,3,5,1,2,5,5,2
"2228",2,4,2,4,2,2,5,1,1,1,5,3
"2229",2,4,3,4,4,4,5,2,1,1,5,4
"2230",2,4,4,5,4,1,5,1,2,5,5,2
"2231",4,2,2,2,2,2,2,2,1,5,3,5
"2232",2,4,2,2,2,2,4,2,1,1,1,6
"2233",1,2,2,4,4,2,5,1,1,5,4,1
"2234",1,4,2,5,5,1,5,1,2,4,5,5
"2235",4,2,2,3,5,2,2,1,2,1,1,6
"2236",2,2,2,4,4,2,4,2,2,2,0,6
"2237",2,2,2,2,4,2,2,2,1,5,1,2
"2238",4,2,4,4,4,2,4,2,1,1,5,3
"2239",2,2,4,4,5,2,4,2,2,5,3,3
"2240",2,2,4,4,2,4,4,2,1,5,2,1
"2241",2,4,4,2,2,2,2,2,1,2,0,6
"2242",2,4,4,5,2,4,5,2,2,1,5,2
"2243",4,4,2,2,2,1,2,2,2,2,1,5
"2244",2,4,2,5,5,2,5,2,2,2,2,4
"2245",5,2,3,3,2,1,5,2,1,5,5,2
"2246",2,2,4,4,4,2,5,1,1,1,5,2
"2247",2,2,2,3,5,1,5,1,1,1,1,4
"2248",4,4,2,5,5,1,5,1,2,5,2,1
"2249",1,3,2,5,5,1,5,1,2,3,3,6
"2250",2,1,1,3,1,1,5,1,1,1,2,3
"2251",4,1,1,2,5,1,5,1,2,1,1,4
"2252",1,2,4,2,4,1,5,1,2,1,1,5
"2253",4,2,2,4,5,2,5,1,2,1,3,3
"2254",3,4,3,3,3,2,5,2,2,1,2,3
"2255",2,1,2,2,2,2,1,2,1,1,0,6
"2256",2,5,3,3,1,1,5,2,2,1,5,2
"2257",5,1,1,1,5,1,5,1,2,1,2,4
"2258",2,5,2,2,9,9,5,1,1,1,3,3
"2259",5,2,2,2,4,2,2,2,1,1,2,5
"2260",5,4,2,2,4,1,1,2,2,2,1,6
"2261",4,2,2,2,4,1,4,2,1,1,1,4
"2262",2,2,2,4,4,2,5,1,1,5,3,1
"2263",2,4,4,3,2,2,3,2,1,1,1,2
"2264",2,2,2,3,4,3,2,9,1,1,1,6
"2265",1,5,5,5,2,1,5,1,2,5,3,3
"2266",1,5,2,2,4,1,5,1,2,1,1,5
"2267",5,1,1,1,3,2,2,1,2,1,3,1
"2268",4,2,2,4,4,2,4,1,1,1,0,5
"2269",2,3,1,1,1,1,9,1,2,1,1,6
"2270",1,5,1,3,4,2,5,1,2,1,5,4
"2271",5,1,5,4,4,1,2,1,1,3,1,3
"2272",1,4,4,9,1,1,5,9,1,5,3,1
"2273",1,5,3,4,1,1,5,1,1,1,1,6
"2274",1,2,1,3,1,1,2,1,2,2,1,6
"2275",1,5,5,5,5,1,5,2,1,5,4,2
"2276",2,2,2,2,3,2,5,1,1,1,2,3
"2277",4,9,2,2,3,2,5,1,2,1,1,4
"2278",1,2,3,4,3,1,5,2,2,1,2,3
"2279",2,2,2,2,1,2,2,2,2,1,1,6
"2280",1,4,2,5,4,1,5,1,1,1,5,4
"2281",1,2,5,5,1,3,5,1,2,5,3,2
"2282",3,1,1,5,4,1,5,1,2,1,5,3
"2283",2,2,2,3,2,1,4,2,2,3,1,5
"2284",2,4,4,5,1,2,5,4,1,5,3,2
"2285",1,2,2,2,1,1,3,2,1,2,1,6
"2286",3,2,3,9,4,2,5,9,1,5,5,3
"2287",2,2,2,4,2,2,4,2,1,1,1,6
"2288",2,1,1,2,2,2,2,2,1,1,2,4
"2289",1,3,4,2,3,1,5,1,2,5,5,2
"2290",2,2,2,4,2,3,5,1,1,5,3,2
"2291",5,1,1,2,4,4,2,2,1,1,3,5
"2292",1,4,2,4,5,1,5,2,2,1,3,3
"2293",1,5,5,4,4,1,5,1,2,1,3,5
"2294",2,2,2,2,3,2,4,1,1,1,0,5
"2295",3,2,4,4,4,4,5,2,1,1,2,3
"2296",2,2,9,9,2,2,3,9,2,2,1,6
"2297",2,2,3,2,2,1,4,1,2,2,4,5
"2298",3,4,9,5,4,2,5,1,1,5,3,2
"2299",1,4,4,5,9,3,5,2,2,1,2,4
"2300",4,2,2,2,9,2,4,2,1,1,1,6
"2301",2,4,2,2,4,4,5,2,2,5,4,1
"2302",2,2,4,9,2,1,5,1,1,5,1,1
"2303",2,2,2,4,1,1,5,1,1,1,5,5
"2304",2,3,2,2,1,2,4,2,2,2,1,5
"2305",4,2,1,3,2,4,4,1,1,1,5,3
"2306",2,4,4,4,2,1,4,2,2,1,5,3
"2307",2,4,2,4,4,2,4,1,2,5,5,4
"2308",1,5,4,5,3,1,5,2,2,2,1,4
"2309",1,5,5,5,4,2,4,2,1,1,0,6
"2310",1,2,4,3,2,4,5,1,1,5,3,2
"2311",1,3,2,5,4,2,5,1,2,1,4,2
"2312",1,5,5,9,5,2,5,1,1,5,3,3
"2313",4,2,2,2,4,2,4,1,2,5,1,1
"2314",1,5,5,9,1,3,2,1,2,2,0,6
"2315",4,2,2,4,3,4,4,1,2,1,2,3
"2316",2,2,2,2,2,4,4,1,1,4,1,5
"2317",2,3,3,3,5,3,5,1,2,5,4,1
"2318",2,4,4,2,4,2,5,1,1,5,4,1
"2319",1,4,4,3,2,2,4,1,2,5,1,6
"2320",4,2,2,2,2,2,1,1,1,1,3,6
"2321",1,2,3,5,3,3,5,1,2,5,3,3
"2322",1,4,2,5,2,2,5,1,2,5,4,4
"2323",2,4,4,2,9,2,5,1,1,1,3,3
"2324",1,5,5,3,5,2,5,1,2,5,3,1
"2325",2,4,3,4,4,1,4,1,2,1,2,5
"2326",4,2,2,3,5,2,4,1,2,1,2,4
"2327",3,1,1,5,5,5,5,1,2,1,2,3
"2328",5,1,1,5,5,2,5,1,2,1,3,2
"2329",5,1,1,5,4,1,5,1,1,1,1,4
"2330",1,5,5,5,2,1,5,1,2,2,0,5
"2331",1,4,5,1,5,1,5,1,1,5,2,2
"2332",2,5,2,2,5,2,4,1,1,1,2,3
"2333",1,4,4,5,4,3,5,2,2,5,3,1
"2334",2,5,4,5,9,4,5,1,1,5,2,2
"2335",2,4,3,2,4,2,4,1,1,5,5,3
"2336",2,2,1,2,2,2,1,2,1,5,2,1
"2337",2,5,5,4,5,1,5,1,2,2,1,5
"2338",1,2,2,2,4,1,4,1,1,1,1,6
"2339",1,4,4,4,2,2,5,1,1,1,1,5
"2340",1,2,3,2,1,3,4,1,2,1,1,5
"2341",2,4,4,5,5,4,5,2,1,5,3,2
"2342",1,5,2,5,5,1,5,1,2,5,3,2
"2343",2,2,2,3,3,1,5,1,2,5,2,3
"2344",1,4,2,9,5,1,5,1,2,1,4,4
"2345",2,2,2,4,2,2,4,1,2,2,0,6
"2346",1,2,2,4,2,2,4,1,2,1,2,2
"2347",2,4,4,4,4,2,4,2,1,5,2,3
"2348",2,4,2,2,2,2,4,2,1,1,0,4
"2349",2,2,2,2,4,4,2,1,1,5,3,1
"2350",2,2,2,4,4,2,4,1,2,5,5,1
"2351",2,2,2,4,4,2,5,1,2,5,5,2
"2352",2,4,4,2,2,2,5,2,2,5,2,1
"2353",1,4,4,4,1,4,4,2,1,5,5,2
"2354",4,2,2,4,4,2,4,2,1,1,2,3
"2355",4,2,2,2,4,3,4,1,2,1,1,6
"2356",4,2,2,3,2,2,4,2,1,1,1,4
"2357",1,4,1,1,5,1,5,1,2,1,4,4
"2358",2,2,4,5,4,5,5,1,1,5,3,2
"2359",2,4,2,5,2,1,5,1,2,1,3,3
"2360",1,2,5,2,5,2,5,1,1,5,2,1
"2361",2,4,5,5,5,4,5,1,2,5,2,2
"2362",5,1,1,9,4,1,5,1,1,1,2,4
"2363",1,1,1,1,5,4,2,1,1,1,2,3
"2364",2,2,2,2,2,1,2,1,2,2,0,6
"2365",9,9,9,2,9,9,9,1,1,2,0,6
"2366",2,4,1,5,5,1,5,1,2,4,2,3
"2367",1,5,5,5,2,3,5,2,2,5,3,1
"2368",4,2,2,2,2,2,1,2,1,1,1,6
"2369",2,4,4,4,4,2,5,2,2,5,5,1
"2370",2,2,2,3,2,2,5,9,2,1,2,3
"2371",5,2,2,4,1,2,2,2,2,1,0,6
"2372",4,2,2,2,4,2,2,2,1,1,3,2
"2373",2,4,4,2,4,2,2,2,1,5,1,1
"2374",4,4,2,4,2,4,4,2,1,1,3,2
"2375",2,2,2,3,4,2,4,2,2,1,1,4
"2376",4,3,2,2,4,2,4,2,2,5,3,1
"2377",2,4,2,2,5,1,5,1,1,1,3,3
"2378",9,2,2,9,4,9,2,9,2,5,0,6
"2379",2,4,4,4,2,2,4,2,1,5,5,2
"2380",2,4,2,3,4,2,3,2,1,1,1,6
"2381",2,4,4,2,3,2,4,2,1,1,5,5
"2382",2,4,2,2,4,2,4,2,2,1,1,2
"2383",2,4,2,5,4,1,5,2,2,5,5,2
"2384",1,5,4,4,5,2,5,1,2,1,3,2
"2385",2,4,4,2,4,2,4,2,1,1,3,2
"2386",4,2,2,2,2,2,4,1,2,5,2,1
"2387",2,4,4,4,2,2,4,1,2,1,1,4
"2388",1,5,1,1,3,3,4,1,2,1,2,3
"2389",2,2,2,2,2,3,4,1,2,1,4,6
"2390",2,2,9,2,2,9,1,9,1,1,0,6
"2391",2,4,4,3,4,3,4,1,1,4,2,2
"2392",1,2,5,5,2,1,5,1,1,1,3,3
"2393",4,3,1,1,1,1,5,1,2,1,3,2
"2394",1,5,2,5,5,1,5,1,2,1,4,2
"2395",1,1,5,5,5,1,5,1,1,5,3,1
"2396",1,1,1,1,1,1,4,1,1,3,1,4
"2397",1,2,1,3,5,1,5,1,2,1,1,6
"2398",1,2,4,4,1,9,2,1,2,1,1,5
"2399",5,1,1,5,5,1,5,1,1,1,0,6
"2400",1,5,5,5,5,1,5,1,2,1,1,4
"2401",2,1,3,2,2,1,4,1,1,2,1,4
"2402",2,4,4,4,2,9,2,1,2,1,0,6
"2403",2,2,4,5,1,1,5,1,1,5,3,1
"2404",5,5,2,2,5,1,5,1,2,1,1,3
"2405",3,2,2,2,2,2,5,1,2,1,1,4
"2406",1,5,5,3,5,1,5,1,2,1,5,2
"2407",9,9,1,3,1,5,9,1,1,2,0,6
"2408",1,5,5,5,1,1,5,9,1,3,3,4
"2409",4,1,1,1,3,1,5,1,1,1,3,3
"2410",1,3,4,2,3,3,3,3,1,1,5,2
"2411",1,4,4,2,2,4,4,4,2,5,3,1
"2412",2,3,4,4,4,2,4,2,2,1,5,4
"2413",2,4,4,4,2,1,4,2,2,2,0,6
"2414",1,3,3,2,5,1,5,2,1,5,3,1
"2415",1,5,4,4,5,4,5,1,1,1,5,4
"2416",2,3,2,4,9,2,5,1,2,1,2,2
"2417",3,2,2,2,4,9,9,2,1,1,0,6
"2418",2,2,3,2,9,2,4,2,2,1,2,5
"2419",2,3,2,4,4,2,5,2,2,1,2,4
"2420",2,4,2,4,4,2,5,1,2,5,5,1
"2421",2,2,2,4,2,2,4,1,1,1,3,4
"2422",4,2,2,4,4,2,4,2,1,1,5,3
"2423",2,3,2,2,2,3,2,2,2,1,1,5
"2424",2,2,2,4,4,9,4,2,2,1,2,3
"2425",2,4,2,4,4,2,5,1,1,5,5,2
"2426",2,4,2,4,3,1,3,2,2,1,1,5
"2427",2,4,4,2,3,2,5,2,2,5,2,3
"2428",4,2,2,2,3,2,4,3,2,1,1,4
"2429",2,2,2,2,9,9,3,1,2,1,1,6
"2430",2,4,4,2,2,2,4,1,1,1,2,4
"2431",2,4,2,2,1,2,5,2,1,5,3,1
"2432",4,2,2,2,2,2,3,2,1,1,2,2
"2433",2,4,4,4,2,4,4,2,2,5,4,1
"2434",2,4,4,2,3,2,4,9,1,5,5,1
"2435",2,2,2,9,4,4,4,2,2,5,2,1
"2436",1,4,4,5,2,1,5,1,2,3,4,3
"2437",1,4,4,5,4,3,5,1,1,5,5,1
"2438",4,2,1,3,2,2,2,1,2,1,1,6
"2439",1,3,4,5,5,1,5,1,1,5,4,2
"2440",2,4,2,4,4,2,4,2,2,1,5,4
"2441",4,2,2,4,2,4,4,2,2,1,3,2
"2442",3,2,4,4,4,2,5,1,1,1,5,3
"2443",2,4,4,4,4,2,4,2,2,5,4,1
"2444",2,3,9,2,9,2,4,2,1,2,3,6
"2445",4,2,2,2,2,4,4,2,1,1,1,5
"2446",1,2,3,4,4,1,4,9,2,1,4,4
"2447",3,2,2,2,3,9,3,3,1,1,3,6
"2448",2,2,2,3,9,9,5,2,1,5,5,2
"2449",2,4,2,9,4,2,4,2,1,1,5,4
"2450",9,9,2,3,2,2,5,2,2,5,3,3
"2451",2,2,2,4,2,2,4,2,1,5,4,1
"2452",2,2,2,3,5,2,4,2,2,5,5,2
"2453",2,2,2,2,9,2,9,2,2,2,3,6
"2454",2,2,2,4,9,2,9,2,2,1,3,5
"2455",2,2,3,2,3,2,5,4,1,1,3,5
"2456",2,5,5,4,5,1,5,1,2,5,5,1
"2457",2,4,3,4,4,9,4,2,1,5,3,1
"2458",2,4,4,4,4,2,4,2,1,3,5,4
"2459",4,2,1,1,3,3,2,2,2,2,0,6
"2460",1,5,4,4,4,2,5,1,1,1,5,3
"2461",2,3,3,4,3,2,4,2,2,2,2,5
"2462",1,5,4,2,1,1,5,2,2,5,3,2
"2463",2,4,2,4,2,2,4,1,2,1,4,3
"2464",1,2,3,4,2,2,5,1,2,5,3,1
"2465",4,2,2,9,9,2,4,2,1,4,5,2
"2466",4,1,1,4,4,1,2,3,1,1,0,5
"2467",2,2,2,3,4,2,4,2,2,1,0,6
"2468",2,4,2,5,2,2,5,1,1,5,3,1
"2469",2,5,9,1,4,9,1,2,1,1,1,4
"2470",2,2,2,4,4,2,4,2,2,5,5,3
"2471",9,4,4,2,2,4,1,2,1,1,1,6
